word	onset	duration
Le	0.7	0.3
cinquième	1.0499999999999998	0.3
jour,	1.3999999999999997	0.3
toujours	1.7499999999999996	0.3
grâce	2.0999999999999996	0.3
au	2.4499999999999993	0.3
mouton,	2.799999999999999	0.3
ce	3.1499999999999995	0.3
secret	3.499999999999999	0.3
de	3.8499999999999988	0.3
la	4.199999999999998	0.3
vie	4.549999999999999	0.3
du	4.899999999999999	0.3
petit	5.249999999999998	0.3
prince	5.599999999999999	0.3
me	5.949999999999998	0.3
fut	6.299999999999998	0.3
révélé.	6.649999999999998	0.3
Il	7.1999999999999975	0.3
me	7.549999999999998	0.3
demanda	7.899999999999998	0.3
avec	8.249999999999996	0.3
brusquerie,	8.599999999999996	0.3
sans	8.949999999999996	0.3
préambule,	9.299999999999995	0.3
comme	9.649999999999995	0.3
le	9.999999999999995	0.3
fruit	10.349999999999994	0.3
d'un	10.699999999999996	0.3
problème	11.049999999999995	0.3
longtemps	11.399999999999995	0.3
médité	11.749999999999995	0.3
en	12.099999999999994	0.3
silence:	12.449999999999994	0.3
"""un"	12.799999999999994	0.3
mouton,	13.149999999999993	0.3
s'il	13.499999999999993	0.3
mange	13.849999999999994	0.3
les	14.199999999999994	0.3
arbustes,	14.549999999999994	0.3
il	14.899999999999993	0.3
mange	15.249999999999993	0.3
aussi	15.599999999999993	0.3
les	15.949999999999992	0.3
fleurs?	16.299999999999994	0.3
-un	16.849999999999994	0.3
mouton	17.199999999999992	0.3
mange	17.54999999999999	0.3
tout	17.89999999999999	0.3
ce	18.249999999999993	0.3
qu'il	18.59999999999999	0.3
rencontre.	18.949999999999992	0.3
-même	19.49999999999999	0.3
les	19.84999999999999	0.3
fleurs	20.19999999999999	0.3
qui	20.54999999999999	0.3
ont	20.89999999999999	0.3
des	21.24999999999999	0.3
épines?	21.59999999999999	0.3
-oui.	22.149999999999988	0.3
Même	22.69999999999999	0.3
les	23.049999999999986	0.3
fleurs	23.399999999999988	0.3
qui	23.749999999999986	0.3
ont	24.099999999999987	0.3
des	24.44999999999999	0.3
épines.	24.799999999999986	0.3
-alors	25.349999999999987	0.3
les	25.699999999999985	0.3
épines,	26.049999999999986	0.3
à	26.399999999999984	0.3
quoi	26.749999999999986	0.3
"servent-elles?"""	27.099999999999984	0.3
Je	27.649999999999984	0.3
ne	27.999999999999986	0.3
le	28.349999999999984	0.3
savais	28.699999999999985	0.3
pas.	29.049999999999983	0.3
J'étais	29.599999999999984	0.3
alors	29.94999999999998	0.3
très	30.299999999999983	0.3
occupé	30.649999999999984	0.3
à	30.999999999999982	0.3
essayer	31.349999999999984	0.3
de	31.69999999999998	0.3
dévisser	32.04999999999998	0.3
un	32.399999999999984	0.3
boulon	32.74999999999999	0.3
trop	33.1	0.3
serré	33.45000000000001	0.3
de	33.80000000000001	0.3
mon	34.15000000000001	0.3
moteur.	34.500000000000014	0.3
J'étais	35.05000000000002	0.3
très	35.40000000000001	0.3
soucieux	35.750000000000014	0.3
car	36.100000000000016	0.3
ma	36.45000000000002	0.3
panne	36.80000000000002	0.3
commençait	37.15000000000001	0.3
de	37.500000000000014	0.3
m'apparaître	37.850000000000016	0.3
comme	38.20000000000002	0.3
très	38.55000000000001	0.3
grave,	38.90000000000001	0.3
et	39.250000000000014	0.3
l'eau	39.600000000000016	0.3
à	39.95000000000002	0.3
boire	40.30000000000001	0.3
qui	40.65000000000001	0.3
s'épuisait	41.000000000000014	0.3
me	41.350000000000016	0.3
faisait	41.70000000000002	0.3
craindre	42.05000000000001	0.3
le	42.40000000000001	0.3
pire.	42.750000000000014	0.3
"""les"	43.30000000000002	0.3
épines,	43.65000000000001	0.3
à	44.000000000000014	0.3
quoi	44.350000000000016	0.3
"servent-elles?"""	44.70000000000002	0.3
Le	45.25000000000002	0.3
petit	45.600000000000016	0.3
prince	45.95000000000002	0.3
ne	46.30000000000002	0.3
renonçait	46.65000000000002	0.3
jamais	47.000000000000014	0.3
à	47.350000000000016	0.3
une	47.70000000000002	0.3
question,	48.05000000000002	0.3
une	48.40000000000002	0.3
fois	48.750000000000014	0.3
qu'il	49.100000000000016	0.3
l'avait	49.45000000000002	0.3
posée.	49.80000000000002	0.3
J'étais	50.350000000000016	0.3
irrité	50.70000000000002	0.3
par	51.05000000000002	0.3
mon	51.40000000000002	0.3
boulon	51.75000000000002	0.3
et	52.100000000000016	0.3
je	52.45000000000002	0.3
répondis	52.80000000000002	0.3
n'importe	53.15000000000002	0.3
quoi:	53.500000000000014	0.3
"""les"	53.850000000000016	0.3
épines,	54.20000000000002	0.3
ça	54.55000000000002	0.3
ne	54.90000000000002	0.3
sert	55.250000000000014	0.3
à	55.600000000000016	0.3
rien,	55.95000000000002	0.3
c'est	56.30000000000002	0.3
de	56.65000000000002	0.3
la	57.000000000000014	0.3
pure	57.350000000000016	0.3
méchanceté	57.70000000000002	0.3
de	58.05000000000002	0.3
la	58.40000000000001	0.3
part	58.750000000000014	0.3
des	59.100000000000016	0.3
fleurs!	59.45000000000002	0.3
"-oh!"""	60.00000000000002	0.3
Mais	60.55000000000002	0.3
après	60.90000000000002	0.3
un	61.25000000000002	0.3
silence	61.60000000000002	0.3
il	61.95000000000002	0.3
me	62.30000000000002	0.3
lança,	62.65000000000002	0.3
avec	63.00000000000002	0.3
une	63.35000000000002	0.3
sorte	63.70000000000002	0.3
de	64.05000000000001	0.3
rancune:	64.40000000000002	0.3
"""je"	64.75000000000001	0.3
ne	65.10000000000002	0.3
te	65.45000000000002	0.3
crois	65.80000000000001	0.3
pas!	66.15000000000002	0.3
Les	66.70000000000002	0.3
fleurs	67.05000000000001	0.3
sont	67.40000000000002	0.3
faibles.	67.75000000000001	0.3
Elles	68.30000000000003	0.3
sont	68.65000000000002	0.3
naïves.	69.00000000000003	0.3
Elles	69.55000000000003	0.3
se	69.90000000000002	0.3
rassurent	70.25000000000003	0.3
comme	70.60000000000002	0.3
elles	70.95000000000003	0.3
peuvent.	71.30000000000003	0.3
Elles	71.85000000000002	0.3
se	72.20000000000003	0.3
croient	72.55000000000003	0.3
terribles	72.90000000000003	0.3
avec	73.25000000000003	0.3
leurs	73.60000000000002	0.3
"épines..."""	73.95000000000003	0.3
Je	74.50000000000003	0.3
ne	74.85000000000004	0.3
répondis	75.20000000000003	0.3
rien.	75.55000000000003	0.3
À	76.10000000000004	0.3
cet	76.45000000000003	0.3
instant-là	76.80000000000003	0.3
je	77.15000000000003	0.3
me	77.50000000000003	0.3
disais:	77.85000000000004	0.3
"""si"	78.20000000000003	0.3
ce	78.55000000000003	0.3
boulon	78.90000000000003	0.3
résiste	79.25000000000003	0.3
encore,	79.60000000000004	0.3
je	79.95000000000003	0.3
le	80.30000000000003	0.3
ferai	80.65000000000003	0.3
sauter	81.00000000000003	0.3
d'un	81.35000000000004	0.3
coup	81.70000000000003	0.3
de	82.05000000000003	0.3
"marteau."""	82.40000000000003	0.3
Le	82.95000000000003	0.3
petit	83.30000000000004	0.3
prince	83.65000000000003	0.3
dérangea	84.00000000000003	0.3
de	84.35000000000004	0.3
nouveau	84.70000000000003	0.3
mes	85.05000000000003	0.3
réflexions:	85.40000000000003	0.3
"""et"	85.75000000000003	0.3
tu	86.10000000000004	0.3
crois,	86.45000000000003	0.3
toi,	86.80000000000003	0.3
que	87.15000000000003	0.3
les	87.50000000000003	0.3
fleurs...	87.85000000000004	0.3
-mais	88.40000000000003	0.3
non!	88.75000000000003	0.3
Mais	89.30000000000004	0.3
non!	89.65000000000003	0.3
Je	90.20000000000005	0.3
ne	90.55000000000004	0.3
crois	90.90000000000003	0.3
rien!	91.25000000000004	0.3
J'ai	91.80000000000004	0.3
répondu	92.15000000000003	0.3
n'importe	92.50000000000004	0.3
quoi.	92.85000000000004	0.3
Je	93.40000000000005	0.3
m'occupe,	93.75000000000004	0.3
moi,	94.10000000000004	0.3
de	94.45000000000005	0.3
choses	94.80000000000004	0.3
"sérieuses!"""	95.15000000000005	0.3
Il	95.70000000000005	0.3
me	96.05000000000004	0.3
regarda	96.40000000000005	0.3
stupéfait.	96.75000000000004	0.3
"""de"	97.30000000000005	0.3
choses	97.65000000000005	0.3
"sérieuses!"""	98.00000000000004	0.3
Il	98.55000000000005	0.3
me	98.90000000000005	0.3
voyait,	99.25000000000006	0.3
mon	99.60000000000005	0.3
marteau	99.95000000000005	0.3
à	100.30000000000005	0.3
la	100.65000000000005	0.3
main,	101.00000000000004	0.3
et	101.35000000000005	0.3
les	101.70000000000005	0.3
doigts	102.05000000000005	0.3
noirs	102.40000000000005	0.3
de	102.75000000000004	0.3
cambouis,	103.10000000000005	0.3
penché	103.45000000000005	0.3
sur	103.80000000000005	0.3
un	104.15000000000005	0.3
objet	104.50000000000004	0.3
qui	104.85000000000005	0.3
lui	105.20000000000005	0.3
semblait	105.55000000000005	0.3
très	105.90000000000005	0.3
laid.	106.25000000000004	0.3
"""tu"	106.80000000000005	0.3
parles	107.15000000000005	0.3
comme	107.50000000000004	0.3
les	107.85000000000005	0.3
grandes	108.20000000000005	0.3
"personnes!"""	108.55000000000005	0.3
Ça	109.10000000000005	0.3
me	109.45000000000005	0.3
fit	109.80000000000005	0.3
un	110.15000000000005	0.3
peu	110.50000000000006	0.3
honte.	110.85000000000005	0.3
Mais,	111.40000000000005	0.3
impitoyable,	111.75000000000006	0.3
il	112.10000000000005	0.3
ajouta:	112.45000000000006	0.3
"""tu"	112.80000000000005	0.3
confonds	113.15000000000005	0.3
tout...	113.50000000000006	0.3
Tu	114.05000000000005	0.3
mélanges	114.40000000000006	0.3
"tout!"""	114.75000000000006	0.3
Il	115.30000000000005	0.3
était	115.65000000000006	0.3
vraiment	116.00000000000006	0.3
très	116.35000000000005	0.3
irrité.	116.70000000000006	0.3
Il	117.25000000000006	0.3
secouait	117.60000000000007	0.3
au	117.95000000000006	0.3
vent	118.30000000000005	0.3
des	118.65000000000006	0.3
cheveux	119.00000000000006	0.3
tout	119.35000000000007	0.3
dorés:	119.70000000000006	0.3
"""je"	120.05000000000005	0.3
connais	120.40000000000006	0.3
une	120.75000000000006	0.3
planète	121.10000000000007	0.3
où	121.45000000000006	0.3
il	121.80000000000005	0.3
y	122.15000000000006	0.3
a	122.50000000000006	0.3
un	122.85000000000007	0.3
monsieur	123.20000000000006	0.3
cramoisi.	123.55000000000005	0.3
Il	124.10000000000007	0.3
n'a	124.45000000000006	0.3
jamais	124.80000000000005	0.3
respiré	125.15000000000006	0.3
une	125.50000000000006	0.3
fleur.	125.85000000000007	0.3
Il	126.40000000000006	0.3
n'a	126.75000000000006	0.3
jamais	127.10000000000007	0.3
regardé	127.45000000000006	0.3
une	127.80000000000007	0.3
étoile.	128.15000000000006	0.3
Il	128.70000000000002	0.3
n'a	129.04999999999998	0.3
jamais	129.39999999999995	0.3
aimé	129.74999999999994	0.3
personne.	130.0999999999999	0.3
Il	130.64999999999986	0.3
n'a	130.99999999999986	0.3
jamais	131.34999999999982	0.3
rien	131.69999999999982	0.3
fait	132.04999999999978	0.3
d'autre	132.39999999999975	0.3
que	132.74999999999974	0.3
des	133.0999999999997	0.3
additions.	133.44999999999968	0.3
Et	133.99999999999966	0.3
toute	134.34999999999962	0.3
la	134.6999999999996	0.3
journée	135.04999999999956	0.3
il	135.39999999999955	0.3
répète	135.74999999999952	0.3
comme	136.09999999999948	0.3
toi:	136.4499999999995	0.3
"""je"	136.79999999999947	0.3
suis	137.1499999999995	0.3
un	137.4999999999995	0.3
homme	137.84999999999948	0.3
sérieux!	138.19999999999948	0.3
Je	138.74999999999946	0.3
suis	139.09999999999948	0.3
un	139.44999999999948	0.3
homme	139.79999999999947	0.3
"sérieux!"","	140.14999999999947	0.3
Et	140.69999999999945	0.3
ça	141.04999999999947	0.3
le	141.39999999999947	0.3
fait	141.74999999999946	0.3
gonfler	142.09999999999945	0.3
d'orgueil.	142.44999999999945	0.3
Mais	142.99999999999946	0.3
ce	143.34999999999945	0.3
n'est	143.69999999999945	0.3
pas	144.04999999999944	0.3
un	144.39999999999944	0.3
homme,	144.74999999999946	0.3
c'est	145.09999999999945	0.3
un	145.44999999999945	0.3
champignon!	145.79999999999944	0.3
-un	146.34999999999943	0.3
quoi?	146.69999999999945	0.3
-un	147.24999999999943	0.3
"champignon!"""	147.59999999999943	0.3
Le	148.1499999999994	0.3
petit	148.4999999999994	0.3
prince	148.84999999999943	0.3
était	149.19999999999942	0.3
maintenant	149.54999999999941	0.3
tout	149.8999999999994	0.3
pâle	150.2499999999994	0.3
de	150.59999999999943	0.3
colère.	150.94999999999942	0.3
"""il"	151.4999999999994	0.3
y	151.8499999999994	0.3
a	152.1999999999994	0.3
des	152.5499999999994	0.3
millions	152.8999999999994	0.3
d'années	153.2499999999994	0.3
que	153.5999999999994	0.3
les	153.9499999999994	0.3
fleurs	154.2999999999994	0.3
fabriquent	154.6499999999994	0.3
des	154.9999999999994	0.3
épines.	155.3499999999994	0.3
Il	155.89999999999938	0.3
y	156.24999999999937	0.3
a	156.5999999999994	0.3
des	156.9499999999994	0.3
millions	157.2999999999994	0.3
d'années	157.64999999999938	0.3
que	157.99999999999937	0.3
les	158.3499999999994	0.3
moutons	158.6999999999994	0.3
mangent	159.0499999999994	0.3
quand	159.39999999999938	0.3
même	159.74999999999937	0.3
les	160.0999999999994	0.3
fleurs.	160.4499999999994	0.3
Et	160.99999999999937	0.3
ce	161.34999999999937	0.3
n'est	161.69999999999936	0.3
pas	162.0499999999994	0.3
sérieux	162.39999999999938	0.3
de	162.74999999999937	0.3
chercher	163.09999999999937	0.3
à	163.44999999999936	0.3
comprendre	163.7999999999994	0.3
pourquoi	164.14999999999938	0.3
elles	164.49999999999937	0.3
se	164.84999999999937	0.3
donnent	165.19999999999936	0.3
tant	165.5499999999994	0.3
de	165.89999999999938	0.3
mal	166.24999999999937	0.3
pour	166.59999999999937	0.3
se	166.94999999999936	0.3
fabriquer	167.2999999999994	0.3
des	167.64999999999938	0.3
épines	167.99999999999937	0.3
qui	168.34999999999937	0.3
ne	168.69999999999936	0.3
servent	169.04999999999936	0.3
jamais	169.39999999999938	0.3
à	169.74999999999937	0.3
rien?	170.09999999999937	0.3
Ce	170.64999999999935	0.3
n'est	170.99999999999935	0.3
pas	171.34999999999937	0.3
important	171.69999999999936	0.3
la	172.04999999999936	0.3
guerre	172.39999999999935	0.3
des	172.74999999999935	0.3
moutons	173.09999999999937	0.3
et	173.44999999999936	0.3
des	173.79999999999936	0.3
fleurs?	174.14999999999935	0.3
Ce	174.69999999999933	0.3
n'est	175.04999999999936	0.3
pas	175.39999999999935	0.3
plus	175.74999999999935	0.3
sérieux	176.09999999999934	0.3
et	176.44999999999933	0.3
plus	176.79999999999936	0.3
important	177.14999999999935	0.3
que	177.49999999999935	0.3
les	177.84999999999934	0.3
additions	178.19999999999933	0.3
d'un	178.54999999999936	0.3
gros	178.89999999999935	0.3
monsieur	179.24999999999935	0.3
rouge?	179.59999999999934	0.3
Et	180.14999999999932	0.3
si	180.49999999999935	0.3
je	180.84999999999934	0.3
connais,	181.19999999999933	0.3
moi,	181.54999999999933	0.3
une	181.89999999999932	0.3
fleur	182.24999999999935	0.3
unique	182.59999999999934	0.3
au	182.94999999999933	0.3
monde,	183.29999999999933	0.3
qui	183.64999999999932	0.3
n'existe	183.99999999999932	0.3
nulle	184.34999999999934	0.3
part,	184.69999999999933	0.3
sauf	185.04999999999933	0.3
dans	185.39999999999932	0.3
ma	185.74999999999932	0.3
planète,	186.09999999999934	0.3
et	186.44999999999933	0.3
qu'un	186.79999999999933	0.3
petit	187.14999999999932	0.3
mouton	187.49999999999932	0.3
peut	187.84999999999934	0.3
anéantir	188.19999999999933	0.3
d'un	188.54999999999933	0.3
seul	188.89999999999932	0.3
coup,	189.24999999999932	0.3
comme	189.59999999999934	0.3
ça,	189.94999999999933	0.3
un	190.29999999999933	0.3
matin,	190.64999999999932	0.3
sans	190.99999999999932	0.3
se	191.34999999999934	0.3
rendre	191.69999999999933	0.3
compte	192.04999999999933	0.3
de	192.39999999999932	0.3
ce	192.74999999999932	0.3
qu'il	193.09999999999934	0.3
fait,	193.44999999999933	0.3
ce	193.79999999999933	0.3
n'est	194.14999999999932	0.3
pas	194.49999999999932	0.3
important	194.84999999999934	0.3
"ça!"""	195.19999999999933	0.3
Il	195.74999999999932	0.3
rougit,	196.0999999999993	0.3
puis	196.4499999999993	0.3
reprit:	196.79999999999933	0.3
"""si"	197.14999999999932	0.3
quelqu'un	197.49999999999932	0.3
aime	197.8499999999993	0.3
une	198.1999999999993	0.3
fleur	198.5499999999993	0.3
qui	198.89999999999932	0.3
n'existe	199.24999999999932	0.3
qu'à	199.5999999999993	0.3
un	199.9499999999993	0.3
exemplaire	200.2999999999993	0.3
dans	200.64999999999932	0.3
les	200.99999999999932	0.3
millions	201.3499999999993	0.3
et	201.6999999999993	0.3
les	202.0499999999993	0.3
millions	202.39999999999932	0.3
d'étoiles,	202.74999999999932	0.3
ça	203.0999999999993	0.3
suffit	203.4499999999993	0.3
pour	203.7999999999993	0.3
qu'il	204.14999999999932	0.3
soit	204.49999999999932	0.3
heureux	204.8499999999993	0.3
quand	205.1999999999993	0.3
il	205.5499999999993	0.3
les	205.89999999999932	0.3
regarde.	206.24999999999932	0.3
Il	206.7999999999993	0.3
se	207.1499999999993	0.3
dit:	207.4999999999993	0.3
"""ma"	207.8499999999993	0.3
fleur	208.1999999999993	0.3
est	208.5499999999993	0.3
là	208.8999999999993	0.3
quelque	209.2499999999993	0.3
"part..."""	209.5999999999993	0.3
Mais,	210.1499999999993	0.3
si	210.4999999999993	0.3
le	210.84999999999928	0.3
mouton	211.19999999999928	0.3
mange	211.5499999999993	0.3
la	211.8999999999993	0.3
fleur,	212.2499999999993	0.3
c'est	212.59999999999928	0.3
pour	212.94999999999928	0.3
lui	213.29999999999927	0.3
comme	213.6499999999993	0.3
si,	213.9999999999993	0.3
brusquement,	214.34999999999928	0.3
toutes	214.69999999999928	0.3
les	215.04999999999927	0.3
étoiles	215.3999999999993	0.3
s'éteignaient!	215.7499999999993	0.3
Et	216.29999999999927	0.3
ce	216.64999999999927	0.3
n'est	216.99999999999926	0.3
pas	217.34999999999928	0.3
important	217.69999999999928	0.3
"ça!"""	218.04999999999927	0.3
Il	218.59999999999926	0.3
ne	218.94999999999925	0.3
put	219.29999999999927	0.3
rien	219.64999999999927	0.3
dire	219.99999999999926	0.3
de	220.34999999999926	0.3
plus.	220.69999999999925	0.3
Il	221.24999999999926	0.3
éclata	221.59999999999926	0.3
brusquement	221.94999999999925	0.3
en	222.29999999999924	0.3
sanglots.	222.64999999999924	0.3
La	223.19999999999925	0.3
nuit	223.54999999999924	0.3
était	223.89999999999924	0.3
tombée.	224.24999999999923	0.3
J'avais	224.79999999999922	0.3
lâché	225.14999999999924	0.3
mes	225.49999999999923	0.3
outils.	225.84999999999923	0.3
Je	226.3999999999992	0.3
me	226.7499999999992	0.3
moquais	227.09999999999923	0.3
bien	227.44999999999922	0.3
de	227.79999999999922	0.3
mon	228.1499999999992	0.3
marteau,	228.4999999999992	0.3
de	228.84999999999923	0.3
mon	229.19999999999922	0.3
boulon,	229.54999999999922	0.3
de	229.8999999999992	0.3
la	230.2499999999992	0.3
soif	230.5999999999992	0.3
et	230.94999999999922	0.3
de	231.29999999999922	0.3
la	231.6499999999992	0.3
mort.	231.9999999999992	0.3
Il	232.5499999999992	0.3
y	232.8999999999992	0.3
avait,	233.2499999999992	0.3
sur	233.5999999999992	0.3
une	233.9499999999992	0.3
étoile,	234.2999999999992	0.3
une	234.6499999999992	0.3
planète,	234.9999999999992	0.3
la	235.3499999999992	0.3
mienne,	235.6999999999992	0.3
la	236.0499999999992	0.3
terre,	236.3999999999992	0.3
un	236.7499999999992	0.3
petit	237.0999999999992	0.3
prince	237.4499999999992	0.3
à	237.7999999999992	0.3
consoler!	238.1499999999992	0.3
Je	238.6999999999992	0.3
le	239.0499999999992	0.3
pris	239.39999999999918	0.3
dans	239.74999999999918	0.3
les	240.0999999999992	0.3
bras.	240.4499999999992	0.3
Je	240.99999999999918	0.3
le	241.34999999999917	0.3
berçai.	241.69999999999916	0.3
Je	242.24999999999918	0.3
lui	242.59999999999917	0.3
disais:	242.94999999999916	0.3
"""la"	243.29999999999916	0.3
fleur	243.64999999999915	0.3
que	243.99999999999918	0.3
tu	244.34999999999917	0.3
aimes	244.69999999999916	0.3
n'est	245.04999999999916	0.3
pas	245.39999999999915	0.3
en	245.74999999999915	0.3
danger...	246.09999999999917	0.3
Je	246.64999999999915	0.3
lui	246.99999999999915	0.3
dessinerai	247.34999999999914	0.3
une	247.69999999999914	0.3
muselière,	248.04999999999916	0.3
à	248.39999999999915	0.3
ton	248.74999999999915	0.3
mouton...	249.09999999999914	0.3
Je	249.64999999999912	0.3
te	249.99999999999915	0.3
dessinerai	250.34999999999914	0.3
une	250.69999999999914	0.3
armure	251.04999999999913	0.3
pour	251.39999999999912	0.3
ta	251.74999999999915	0.3
fleur...	252.09999999999914	0.3
"Je..."""	252.64999999999912	0.3
Je	253.1999999999991	0.3
ne	253.5499999999991	0.3
savais	253.89999999999912	0.3
pas	254.24999999999912	0.3
trop	254.5999999999991	0.3
quoi	254.9499999999991	0.3
dire.	255.2999999999991	0.3
Je	255.8499999999991	0.3
me	256.19999999999914	0.3
sentais	256.5499999999991	0.3
très	256.8999999999991	0.3
maladroit.	257.2499999999991	0.3
Je	257.7999999999991	0.3
ne	258.1499999999991	0.3
savais	258.4999999999991	0.3
comment	258.8499999999991	0.3
l'atteindre,	259.1999999999991	0.3
où	259.5499999999991	0.3
le	259.8999999999991	0.3
rejoindre...	260.2499999999991	0.3
C'est	260.7999999999991	0.3
tellement	261.14999999999907	0.3
mystérieux,	261.4999999999991	0.3
le	261.8499999999991	0.3
pays	262.1999999999991	0.3
des	262.5499999999991	0.3
larmes!	262.89999999999907	0.3
J'appris	263.4499999999991	0.3
bien	263.7999999999991	0.3
vite	264.14999999999907	0.3
à	264.4999999999991	0.3
mieux	264.84999999999906	0.3
connaître	265.1999999999991	0.3
cette	265.5499999999991	0.3
fleur.	265.89999999999907	0.3
Il	266.4499999999991	0.3
avait	266.79999999999905	0.3
toujours	267.14999999999907	0.3
eu,	267.4999999999991	0.3
sur	267.84999999999906	0.3
la	268.1999999999991	0.3
planète	268.54999999999905	0.3
du	268.89999999999907	0.3
petit	269.2499999999991	0.3
prince,	269.59999999999906	0.3
des	269.9499999999991	0.3
fleurs	270.29999999999905	0.3
très	270.64999999999907	0.3
simples,	270.9999999999991	0.3
ornées	271.34999999999906	0.3
d'un	271.699999999999	0.3
seul	272.04999999999905	0.3
rang	272.39999999999907	0.3
de	272.74999999999903	0.3
pétales,	273.09999999999906	0.3
et	273.449999999999	0.3
qui	273.79999999999905	0.3
ne	274.14999999999907	0.3
tenaient	274.49999999999903	0.3
point	274.84999999999906	0.3
de	275.199999999999	0.3
place,	275.54999999999905	0.3
et	275.89999999999907	0.3
qui	276.24999999999903	0.3
ne	276.59999999999906	0.3
dérangeaient	276.949999999999	0.3
personne.	277.29999999999905	0.3
Elles	277.84999999999906	0.3
apparaissaient	278.199999999999	0.3
un	278.54999999999905	0.3
matin	278.899999999999	0.3
dans	279.24999999999903	0.3
l'herbe,	279.59999999999906	0.3
et	279.949999999999	0.3
puis	280.29999999999905	0.3
elles	280.649999999999	0.3
s'éteignaient	280.99999999999903	0.3
le	281.34999999999906	0.3
soir.	281.699999999999	0.3
Mais	282.24999999999903	0.3
celle-là	282.599999999999	0.3
avait	282.949999999999	0.3
germé	283.29999999999905	0.3
un	283.649999999999	0.3
jour,	283.99999999999903	0.3
d'une	284.349999999999	0.3
graine	284.699999999999	0.3
apportée	285.04999999999905	0.3
d'on	285.399999999999	0.3
ne	285.74999999999903	0.3
sait	286.099999999999	0.3
où,	286.449999999999	0.3
et	286.79999999999905	0.3
le	287.149999999999	0.3
petit	287.49999999999903	0.3
prince	287.849999999999	0.3
avait	288.199999999999	0.3
surveillé	288.54999999999905	0.3
de	288.899999999999	0.3
très	289.24999999999903	0.3
près	289.599999999999	0.3
cette	289.949999999999	0.3
brindille	290.29999999999905	0.3
qui	290.649999999999	0.3
ne	290.99999999999903	0.3
ressemblait	291.349999999999	0.3
pas	291.699999999999	0.3
aux	292.04999999999905	0.3
autres	292.399999999999	0.3
brindilles.	292.74999999999903	0.3
Ça	293.299999999999	0.3
pouvait	293.649999999999	0.3
être	293.99999999999903	0.3
un	294.349999999999	0.3
nouveau	294.699999999999	0.3
genre	295.049999999999	0.3
de	295.399999999999	0.3
baobab.	295.74999999999903	0.3
Mais	296.299999999999	0.3
l'arbuste	296.649999999999	0.3
cessa	296.999999999999	0.3
vite	297.349999999999	0.3
de	297.699999999999	0.3
croître,	298.049999999999	0.3
et	298.399999999999	0.3
commença	298.749999999999	0.3
de	299.099999999999	0.3
préparer	299.449999999999	0.3
une	299.799999999999	0.3
fleur.	300.149999999999	0.3
Le	300.69999999999897	0.3
petit	301.049999999999	0.3
prince,	301.39999999999895	0.3
qui	301.749999999999	0.3
assistait	302.099999999999	0.3
à	302.44999999999897	0.3
l'installation	302.799999999999	0.3
d'un	303.14999999999895	0.3
bouton	303.499999999999	0.3
énorme,	303.849999999999	0.3
sentait	304.19999999999897	0.3
bien	304.549999999999	0.3
qu'il	304.89999999999895	0.3
en	305.249999999999	0.3
sortirait	305.599999999999	0.3
une	305.94999999999897	0.3
apparition	306.299999999999	0.3
miraculeuse,	306.64999999999895	0.3
mais	306.999999999999	0.3
la	307.349999999999	0.3
fleur	307.69999999999897	0.3
n'en	308.049999999999	0.3
finissait	308.39999999999895	0.3
pas	308.749999999999	0.3
de	309.099999999999	0.3
se	309.44999999999897	0.3
préparer	309.799999999999	0.3
à	310.14999999999895	0.3
être	310.499999999999	0.3
belle,	310.849999999999	0.3
à	311.19999999999897	0.3
l'abri	311.549999999999	0.3
de	311.89999999999895	0.3
sa	312.249999999999	0.3
chambre	312.599999999999	0.3
verte.	312.94999999999897	0.3
Elle	313.499999999999	0.3
choisissait	313.84999999999894	0.3
avec	314.19999999999897	0.3
soin	314.549999999999	0.3
ses	314.89999999999895	0.3
couleurs.	315.249999999999	0.3
Elle	315.79999999999893	0.3
s'habillait	316.14999999999895	0.3
lentement,	316.499999999999	0.3
elle	316.84999999999894	0.3
ajustait	317.19999999999897	0.3
un	317.54999999999893	0.3
à	317.89999999999895	0.3
un	318.249999999999	0.3
ses	318.59999999999894	0.3
pétales.	318.94999999999897	0.3
Elle	319.4999999999989	0.3
ne	319.84999999999894	0.3
voulait	320.19999999999897	0.3
pas	320.54999999999893	0.3
sortir	320.89999999999895	0.3
toute	321.2499999999989	0.3
fripée	321.59999999999894	0.3
comme	321.94999999999897	0.3
les	322.29999999999893	0.3
coquelicots.	322.64999999999895	0.3
Elle	323.1999999999989	0.3
ne	323.54999999999893	0.3
voulait	323.89999999999895	0.3
apparaître	324.2499999999989	0.3
que	324.59999999999894	0.3
dans	324.9499999999989	0.3
le	325.29999999999893	0.3
plein	325.64999999999895	0.3
rayonnement	325.9999999999989	0.3
de	326.34999999999894	0.3
sa	326.6999999999989	0.3
beauté.	327.04999999999893	0.3
Eh!	327.59999999999894	0.3
Oui.	328.1499999999989	0.3
Elle	328.6999999999989	0.3
était	329.0499999999989	0.3
très	329.3999999999989	0.3
coquette!	329.7499999999989	0.3
Sa	330.2999999999989	0.3
toilette	330.6499999999989	0.3
mystérieuse	330.99999999999886	0.3
avait	331.3499999999989	0.3
donc	331.6999999999989	0.3
duré	332.0499999999989	0.3
des	332.3999999999989	0.3
jours	332.74999999999886	0.3
et	333.0999999999989	0.3
des	333.44999999999885	0.3
jours.	333.7999999999989	0.3
Et	334.3499999999989	0.3
puis	334.69999999999885	0.3
voici	335.0499999999989	0.3
qu'un	335.39999999999884	0.3
matin,	335.74999999999886	0.3
justement	336.0999999999989	0.3
à	336.44999999999885	0.3
l'heure	336.7999999999989	0.3
du	337.14999999999884	0.3
lever	337.49999999999886	0.3
du	337.8499999999989	0.3
soleil,	338.19999999999885	0.3
elle	338.5499999999989	0.3
s'était	338.89999999999884	0.3
montrée.	339.24999999999886	0.3
Et	339.7999999999989	0.3
elle,	340.14999999999884	0.3
qui	340.49999999999886	0.3
avait	340.84999999999883	0.3
travaillé	341.19999999999885	0.3
avec	341.5499999999989	0.3
tant	341.89999999999884	0.3
de	342.24999999999886	0.3
précision,	342.59999999999883	0.3
dit	342.94999999999885	0.3
en	343.2999999999989	0.3
bâillant:	343.64999999999884	0.3
"""ah!"	343.99999999999886	0.3
Je	344.5499999999988	0.3
me	344.89999999999884	0.3
réveille	345.24999999999886	0.3
à	345.59999999999883	0.3
peine...	345.94999999999885	0.3
Je	346.4999999999988	0.3
vous	346.84999999999883	0.3
demande	347.19999999999885	0.3
pardon...	347.5499999999988	0.3
Je	348.09999999999883	0.3
suis	348.4499999999988	0.3
encore	348.7999999999988	0.3
toute	349.14999999999884	0.3
"décoiffée..."""	349.4999999999988	0.3
Le	350.0499999999988	0.3
petit	350.3999999999988	0.3
prince,	350.7499999999988	0.3
alors,	351.09999999999883	0.3
ne	351.4499999999988	0.3
put	351.7999999999988	0.3
contenir	352.1499999999988	0.3
son	352.4999999999988	0.3
admiration:	352.84999999999883	0.3
"""que"	353.1999999999988	0.3
vous	353.5499999999988	0.3
êtes	353.8999999999988	0.3
belle!	354.2499999999988	0.3
-n'est-ce	354.7999999999988	0.3
pas,	355.1499999999988	0.3
répondit	355.4999999999988	0.3
doucement	355.8499999999988	0.3
la	356.1999999999988	0.3
fleur.	356.5499999999988	0.3
Et	357.0999999999988	0.3
je	357.4499999999988	0.3
suis	357.79999999999876	0.3
née	358.1499999999988	0.3
en	358.4999999999988	0.3
même	358.8499999999988	0.3
temps	359.1999999999988	0.3
que	359.54999999999876	0.3
le	359.8999999999988	0.3
"soleil..."""	360.2499999999988	0.3
Le	360.79999999999876	0.3
petit	361.1499999999988	0.3
prince	361.49999999999875	0.3
devina	361.8499999999988	0.3
bien	362.1999999999988	0.3
qu'elle	362.54999999999876	0.3
n'était	362.8999999999988	0.3
pas	363.24999999999875	0.3
trop	363.5999999999988	0.3
modeste,	363.94999999999874	0.3
mais	364.29999999999876	0.3
elle	364.6499999999988	0.3
était	364.99999999999875	0.3
si	365.3499999999988	0.3
émouvante!	365.69999999999874	0.3
"""c'est"	366.24999999999875	0.3
l'heure,	366.5999999999988	0.3
je	366.94999999999874	0.3
crois,	367.29999999999876	0.3
du	367.6499999999987	0.3
petit	367.99999999999875	0.3
déjeuner,	368.3499999999988	0.3
avait-elle	368.69999999999874	0.3
bientôt	369.04999999999876	0.3
ajouté,	369.3999999999987	0.3
auriez-vous	369.74999999999875	0.3
la	370.0999999999988	0.3
bonté	370.44999999999874	0.3
de	370.79999999999876	0.3
penser	371.1499999999987	0.3
à	371.49999999999875	0.3
"moi..."""	371.8499999999988	0.3
Et	372.3999999999987	0.3
le	372.74999999999875	0.3
petit	373.0999999999987	0.3
prince,	373.44999999999874	0.3
tout	373.79999999999876	0.3
confus,	374.1499999999987	0.3
ayant	374.49999999999875	0.3
été	374.8499999999987	0.3
chercher	375.19999999999874	0.3
un	375.54999999999876	0.3
arrosoir	375.8999999999987	0.3
d'eau	376.24999999999875	0.3
fraîche,	376.5999999999987	0.3
avait	376.94999999999874	0.3
servi	377.29999999999876	0.3
la	377.6499999999987	0.3
fleur.	377.99999999999875	0.3
Ainsi	378.5499999999987	0.3
l'avait-elle	378.8999999999987	0.3
bien	379.24999999999875	0.3
vite	379.5999999999987	0.3
tourmenté	379.94999999999874	0.3
par	380.2999999999987	0.3
sa	380.6499999999987	0.3
vanité	380.99999999999875	0.3
un	381.3499999999987	0.3
peu	381.69999999999874	0.3
ombrageuse.	382.0499999999987	0.3
Un	382.5999999999987	0.3
jour,	382.94999999999874	0.3
par	383.2999999999987	0.3
exemple,	383.6499999999987	0.3
parlant	383.9999999999987	0.3
de	384.3499999999987	0.3
ses	384.69999999999874	0.3
quatre	385.0499999999987	0.3
épines,	385.3999999999987	0.3
elle	385.7499999999987	0.3
avait	386.0999999999987	0.3
dit	386.44999999999874	0.3
au	386.7999999999987	0.3
petit	387.1499999999987	0.3
prince:	387.4999999999987	0.3
"""ils"	387.8499999999987	0.3
peuvent	388.19999999999874	0.3
venir,	388.5499999999987	0.3
les	388.8999999999987	0.3
tigres,	389.2499999999987	0.3
avec	389.5999999999987	0.3
leurs	389.94999999999874	0.3
griffes!	390.2999999999987	0.3
-il	390.8499999999987	0.3
n'y	391.1999999999987	0.3
a	391.5499999999987	0.3
pas	391.8999999999987	0.3
de	392.2499999999987	0.3
tigres	392.5999999999987	0.3
sur	392.9499999999987	0.3
ma	393.2999999999987	0.3
planète,	393.6499999999987	0.3
avait	393.9999999999987	0.3
objecté	394.3499999999987	0.3
le	394.6999999999987	0.3
petit	395.0499999999987	0.3
prince,	395.39999999999867	0.3
et	395.7499999999987	0.3
puis	396.0999999999987	0.3
les	396.4499999999987	0.3
tigres	396.7999999999987	0.3
ne	397.14999999999867	0.3
mangent	397.4999999999987	0.3
pas	397.8499999999987	0.3
d'herbe.	398.1999999999987	0.3
-je	398.7499999999987	0.3
ne	399.09999999999866	0.3
suis	399.4499999999987	0.3
pas	399.7999999999987	0.3
une	400.14999999999867	0.3
herbe,	400.4999999999987	0.3
avait	400.84999999999866	0.3
doucement	401.1999999999987	0.3
répondu	401.5499999999987	0.3
la	401.89999999999867	0.3
fleur.	402.2499999999987	0.3
-pardonnez-moi...	402.79999999999865	0.3
-je	403.34999999999866	0.3
ne	403.6999999999987	0.3
crains	404.04999999999865	0.3
rien	404.39999999999867	0.3
des	404.74999999999864	0.3
tigres,	405.09999999999866	0.3
mais	405.4499999999987	0.3
j'ai	405.79999999999865	0.3
horreur	406.14999999999867	0.3
des	406.49999999999864	0.3
courants	406.84999999999866	0.3
d'air.	407.1999999999987	0.3
Vous	407.74999999999864	0.3
n'auriez	408.09999999999866	0.3
pas	408.4499999999986	0.3
un	408.79999999999865	0.3
"paravent?"""	409.14999999999867	0.3
"""horreur"	409.6999999999986	0.3
des	410.04999999999865	0.3
courants	410.3999999999986	0.3
d'air...	410.74999999999864	0.3
Ce	411.29999999999865	0.3
n'est	411.6499999999986	0.3
pas	411.99999999999864	0.3
de	412.3499999999986	0.3
chance,	412.6999999999986	0.3
pour	413.04999999999865	0.3
une	413.3999999999986	0.3
plante,	413.74999999999864	0.3
avait	414.0999999999986	0.3
remarqué	414.4499999999986	0.3
le	414.79999999999865	0.3
petit	415.1499999999986	0.3
prince.	415.49999999999864	0.3
Cette	416.0499999999986	0.3
fleur	416.3999999999986	0.3
est	416.74999999999864	0.3
bien	417.0999999999986	0.3
"compliquée..."""	417.4499999999986	0.3
"""le"	417.9999999999986	0.3
soir	418.3499999999986	0.3
vous	418.6999999999986	0.3
me	419.0499999999986	0.3
mettrez	419.3999999999986	0.3
sous	419.7499999999986	0.3
globe.	420.0999999999986	0.3
Il	420.6499999999986	0.3
fait	420.9999999999986	0.3
très	421.3499999999986	0.3
froid	421.69999999999857	0.3
chez	422.0499999999986	0.3
vous.	422.3999999999986	0.3
C'est	422.94999999999857	0.3
mal	423.2999999999986	0.3
installé.	423.64999999999856	0.3
Là	424.19999999999857	0.3
d'où	424.5499999999986	0.3
je	424.89999999999856	0.3
"viens..."""	425.2499999999986	0.3
Mais	425.79999999999853	0.3
elle	426.14999999999856	0.3
s'était	426.4999999999985	0.3
interrompue.	426.84999999999854	0.3
Elle	427.39999999999856	0.3
était	427.7499999999985	0.3
venue	428.09999999999854	0.3
sous	428.4499999999985	0.3
forme	428.79999999999853	0.3
de	429.14999999999856	0.3
graine.	429.4999999999985	0.3
Elle	430.04999999999853	0.3
n'avait	430.3999999999985	0.3
rien	430.7499999999985	0.3
pu	431.09999999999854	0.3
connaître	431.4499999999985	0.3
des	431.79999999999853	0.3
autres	432.1499999999985	0.3
mondes.	432.4999999999985	0.3
Humiliée	433.04999999999853	0.3
de	433.3999999999985	0.3
s'être	433.7499999999985	0.3
laissé	434.0999999999985	0.3
surprendre	434.4499999999985	0.3
à	434.79999999999853	0.3
préparer	435.1499999999985	0.3
un	435.4999999999985	0.3
mensonge	435.8499999999985	0.3
aussi	436.1999999999985	0.3
naïf,	436.54999999999853	0.3
elle	436.8999999999985	0.3
avait	437.2499999999985	0.3
toussé	437.5999999999985	0.3
deux	437.9499999999985	0.3
ou	438.29999999999853	0.3
trois	438.6499999999985	0.3
fois,	438.9999999999985	0.3
pour	439.3499999999985	0.3
mettre	439.6999999999985	0.3
le	440.04999999999853	0.3
petit	440.3999999999985	0.3
prince	440.7499999999985	0.3
dans	441.0999999999985	0.3
son	441.4499999999985	0.3
tort:	441.79999999999853	0.3
"""ce"	442.1499999999985	0.3
paravent?...	442.4999999999985	0.3
-j'allais	443.0499999999985	0.3
le	443.3999999999985	0.3
chercher	443.7499999999985	0.3
mais	444.0999999999985	0.3
vous	444.4499999999985	0.3
me	444.7999999999985	0.3
"parliez!"""	445.1499999999985	0.3
Alors	445.6999999999985	0.3
elle	446.0499999999985	0.3
avait	446.3999999999985	0.3
forcé	446.74999999999847	0.3
sa	447.0999999999985	0.3
toux	447.4499999999985	0.3
pour	447.7999999999985	0.3
lui	448.1499999999985	0.3
infliger	448.49999999999847	0.3
quand	448.8499999999985	0.3
même	449.1999999999985	0.3
des	449.5499999999985	0.3
remords.	449.8999999999985	0.3
Ainsi	450.44999999999845	0.3
le	450.7999999999985	0.3
petit	451.1499999999985	0.3
prince,	451.49999999999847	0.3
malgré	451.8499999999985	0.3
la	452.19999999999845	0.3
bonne	452.5499999999985	0.3
volonté	452.8999999999985	0.3
de	453.24999999999847	0.3
son	453.5999999999985	0.3
amour,	453.94999999999845	0.3
avait	454.2999999999985	0.3
vite	454.6499999999985	0.3
douté	454.99999999999847	0.3
d'elle.	455.3499999999985	0.3
Il	455.89999999999844	0.3
avait	456.24999999999847	0.3
pris	456.5999999999985	0.3
au	456.94999999999845	0.3
sérieux	457.2999999999985	0.3
des	457.64999999999844	0.3
mots	457.99999999999847	0.3
sans	458.34999999999843	0.3
importance,	458.69999999999845	0.3
et	459.0499999999985	0.3
était	459.39999999999844	0.3
devenu	459.74999999999847	0.3
très	460.09999999999843	0.3
malheureux.	460.44999999999845	0.3
"""j'aurais"	460.99999999999847	0.3
dû	461.34999999999843	0.3
ne	461.69999999999845	0.3
pas	462.0499999999984	0.3
l'écouter,	462.39999999999844	0.3
me	462.74999999999847	0.3
confia-t-il	463.09999999999843	0.3
un	463.44999999999845	0.3
jour,	463.7999999999984	0.3
il	464.14999999999844	0.3
ne	464.49999999999847	0.3
faut	464.84999999999843	0.3
jamais	465.19999999999845	0.3
écouter	465.5499999999984	0.3
les	465.89999999999844	0.3
fleurs.	466.24999999999847	0.3
Il	466.7999999999984	0.3
faut	467.14999999999844	0.3
les	467.4999999999984	0.3
regarder	467.84999999999843	0.3
et	468.19999999999845	0.3
les	468.5499999999984	0.3
respirer.	468.89999999999844	0.3
La	469.4499999999984	0.3
mienne	469.7999999999984	0.3
embaumait	470.14999999999844	0.3
ma	470.4999999999984	0.3
planète,	470.84999999999843	0.3
mais	471.1999999999984	0.3
je	471.5499999999984	0.3
ne	471.89999999999844	0.3
savais	472.2499999999984	0.3
pas	472.59999999999843	0.3
m'en	472.9499999999984	0.3
réjouir.	473.2999999999984	0.3
Cette	473.84999999999843	0.3
histoire	474.1999999999984	0.3
de	474.5499999999984	0.3
griffes,	474.8999999999984	0.3
qui	475.2499999999984	0.3
m'avait	475.59999999999843	0.3
tellement	475.9499999999984	0.3
agacé,	476.2999999999984	0.3
eût	476.6499999999984	0.3
dû	476.9999999999984	0.3
"m'attendrir..."""	477.34999999999843	0.3
Il	477.8999999999984	0.3
me	478.2499999999984	0.3
confia	478.5999999999984	0.3
encore:	478.9499999999984	0.3
"""je"	479.2999999999984	0.3
n'ai	479.6499999999984	0.3
alors	479.9999999999984	0.3
rien	480.3499999999984	0.3
su	480.6999999999984	0.3
comprendre!	481.0499999999984	0.3
J'aurais	481.5999999999984	0.3
dû	481.9499999999984	0.3
la	482.29999999999836	0.3
juger	482.6499999999984	0.3
sur	482.9999999999984	0.3
les	483.3499999999984	0.3
actes	483.6999999999984	0.3
et	484.04999999999836	0.3
non	484.3999999999984	0.3
sur	484.7499999999984	0.3
les	485.0999999999984	0.3
mots.	485.4499999999984	0.3
Elle	485.99999999999835	0.3
m'embaumait	486.3499999999984	0.3
et	486.6999999999984	0.3
m'éclairait.	487.04999999999836	0.3
Je	487.5999999999984	0.3
n'aurais	487.94999999999834	0.3
jamais	488.29999999999836	0.3
dû	488.6499999999984	0.3
m'enfuir!	488.99999999999835	0.3
J'aurais	489.54999999999836	0.3
dû	489.89999999999833	0.3
deviner	490.24999999999835	0.3
sa	490.5999999999983	0.3
tendresse	490.94999999999834	0.3
derrière	491.29999999999836	0.3
ses	491.64999999999833	0.3
pauvres	491.99999999999835	0.3
ruses.	492.3499999999983	0.3
Les	492.89999999999833	0.3
fleurs	493.24999999999835	0.3
sont	493.5999999999983	0.3
si	493.94999999999834	0.3
contradictoires!	494.2999999999983	0.3
Mais	494.8499999999983	0.3
j'étais	495.19999999999834	0.3
trop	495.5499999999983	0.3
jeune	495.89999999999833	0.3
pour	496.2499999999983	0.3
savoir	496.5999999999983	0.3
"l'aimer."""	496.94999999999834	0.3
Je	497.4999999999983	0.3
crois	497.8499999999983	0.3
qu'il	498.1999999999983	0.3
profita,	498.5499999999983	0.3
pour	498.89999999999833	0.3
son	499.2499999999983	0.3
évasion,	499.5999999999983	0.3
d'une	499.9499999999983	0.3
migration	500.2999999999983	0.3
d'oiseaux	500.64999999999833	0.3
sauvages.	500.9999999999983	0.3
Au	501.5499999999983	0.3
matin	501.8999999999983	0.3
du	502.2499999999983	0.3
départ	502.5999999999983	0.3
il	502.9499999999983	0.3
mit	503.2999999999983	0.3
sa	503.6499999999983	0.3
planète	503.9999999999983	0.3
bien	504.3499999999983	0.3
en	504.6999999999983	0.3
ordre.	505.0499999999983	0.3
Il	505.59999999999826	0.3
ramona	505.9499999999983	0.3
soigneusement	506.2999999999983	0.3
ses	506.6499999999983	0.3
volcans	506.9999999999983	0.3
en	507.34999999999826	0.3
activité.	507.6999999999983	0.3
Il	508.2499999999983	0.3
possédait	508.59999999999826	0.3
deux	508.9499999999983	0.3
volcans	509.29999999999825	0.3
en	509.6499999999983	0.3
activité.	509.9999999999983	0.3
Et	510.54999999999825	0.3
c'était	510.8999999999983	0.3
bien	511.24999999999824	0.3
commode	511.59999999999826	0.3
pour	511.9499999999983	0.3
faire	512.2999999999984	0.3
chauffer	512.6499999999985	0.3
le	512.9999999999985	0.3
petit	513.3499999999987	0.3
déjeuner	513.6999999999988	0.3
du	514.0499999999988	0.3
matin.	514.399999999999	0.3
Il	514.949999999999	0.3
possédait	515.2999999999992	0.3
aussi	515.6499999999993	0.3
un	515.9999999999993	0.3
volcan	516.3499999999995	0.3
éteint.	516.6999999999996	0.3
Mais,	517.2499999999998	0.3
comme	517.5999999999998	0.3
il	517.9499999999999	0.3
disait:	518.3000000000001	0.3
"""on"	518.6500000000001	0.3
ne	519.0000000000002	0.3
sait	519.3500000000004	0.3
"jamais!"""	519.7000000000004	0.3
Il	520.2500000000006	0.3
ramona	520.6000000000006	0.3
donc	520.9500000000007	0.3
également	521.3000000000009	0.3
le	521.650000000001	0.3
volcan	522.000000000001	0.3
éteint.	522.3500000000012	0.3
S'ils	522.9000000000013	0.3
sont	523.2500000000014	0.3
bien	523.6000000000015	0.3
ramonés,	523.9500000000016	0.3
les	524.3000000000017	0.3
volcans	524.6500000000018	0.3
brûlent	525.0000000000018	0.3
doucement	525.350000000002	0.3
et	525.7000000000021	0.3
régulièrement,	526.0500000000022	0.3
sans	526.4000000000023	0.3
éruptions.	526.7500000000024	0.3
Les	527.3000000000026	0.3
éruptions	527.6500000000027	0.3
volcaniques	528.0000000000027	0.3
sont	528.3500000000029	0.3
comme	528.7000000000029	0.3
des	529.050000000003	0.3
feux	529.4000000000032	0.3
de	529.7500000000032	0.3
cheminée.	530.1000000000033	0.3
Évidemment	530.6500000000035	0.3
sur	531.0000000000035	0.3
notre	531.3500000000037	0.3
terre	531.7000000000038	0.3
nous	532.0500000000039	0.3
sommes	532.400000000004	0.3
beaucoup	532.7500000000041	0.3
trop	533.1000000000042	0.3
petits	533.4500000000043	0.3
pour	533.8000000000044	0.3
ramoner	534.1500000000044	0.3
nos	534.5000000000045	0.3
volcans.	534.8500000000047	0.3
C'est	535.4000000000048	0.3
pourquoi	535.7500000000049	0.3
ils	536.100000000005	0.3
nous	536.4500000000052	0.3
causent	536.8000000000052	0.3
des	537.1500000000053	0.3
tas	537.5000000000055	0.3
d'ennuis.	537.8500000000055	0.3
Le	538.4000000000057	0.3
petit	538.7500000000058	0.3
prince	539.1000000000058	0.3
arracha	539.450000000006	0.3
aussi,	539.800000000006	0.3
avec	540.1500000000061	0.3
un	540.5000000000063	0.3
peu	540.8500000000064	0.3
de	541.2000000000064	0.3
mélancolie,	541.5500000000064	0.3
les	541.9000000000063	0.3
dernières	542.2500000000064	0.3
pousses	542.6000000000064	0.3
de	542.9500000000064	0.3
baobabs.	543.3000000000064	0.3
Il	543.8500000000064	0.3
croyait	544.2000000000064	0.3
ne	544.5500000000064	0.3
jamais	544.9000000000065	0.3
devoir	545.2500000000065	0.3
revenir.	545.6000000000064	0.3
Mais	546.1500000000065	0.3
tous	546.5000000000065	0.3
ces	546.8500000000065	0.3
travaux	547.2000000000065	0.3
familiers	547.5500000000064	0.3
lui	547.9000000000065	0.3
parurent,	548.2500000000065	0.3
ce	548.6000000000065	0.3
matin-là,	548.9500000000065	0.3
extrêmement	549.3000000000064	0.3
doux.	549.6500000000065	0.3
Et,	550.2000000000065	0.3
quand	550.5500000000065	0.3
il	550.9000000000066	0.3
arrosa	551.2500000000065	0.3
une	551.6000000000065	0.3
dernière	551.9500000000065	0.3
fois	552.3000000000065	0.3
la	552.6500000000066	0.3
fleur,	553.0000000000065	0.3
et	553.3500000000065	0.3
se	553.7000000000065	0.3
prépara	554.0500000000065	0.3
à	554.4000000000066	0.3
la	554.7500000000065	0.3
mettre	555.1000000000065	0.3
à	555.4500000000065	0.3
l'abri	555.8000000000065	0.3
sous	556.1500000000066	0.3
son	556.5000000000065	0.3
globe,	556.8500000000065	0.3
il	557.2000000000065	0.3
se	557.5500000000065	0.3
découvrit	557.9000000000066	0.3
l'envie	558.2500000000065	0.3
de	558.6000000000065	0.3
pleurer.	558.9500000000065	0.3
"""adieu"","	559.5000000000066	0.3
dit-il	559.8500000000066	0.3
à	560.2000000000065	0.3
la	560.5500000000065	0.3
fleur.	560.9000000000066	0.3
Mais	561.4500000000066	0.3
elle	561.8000000000067	0.3
ne	562.1500000000066	0.3
lui	562.5000000000066	0.3
répondit	562.8500000000066	0.3
pas.	563.2000000000066	0.3
"""adieu"","	563.7500000000067	0.3
répéta-t-il.	564.1000000000066	0.3
La	564.6500000000067	0.3
fleur	565.0000000000067	0.3
toussa.	565.3500000000067	0.3
Mais	565.9000000000068	0.3
ce	566.2500000000067	0.3
n'était	566.6000000000067	0.3
pas	566.9500000000068	0.3
à	567.3000000000068	0.3
cause	567.6500000000068	0.3
de	568.0000000000067	0.3
son	568.3500000000067	0.3
rhume.	568.7000000000068	0.3
"""j'ai"	569.2500000000068	0.3
été	569.6000000000068	0.3
sotte,	569.9500000000068	0.3
lui	570.3000000000068	0.3
dit-elle	570.6500000000068	0.3
enfin.	571.0000000000068	0.3
Je	571.5500000000069	0.3
te	571.9000000000068	0.3
demande	572.2500000000068	0.3
pardon.	572.6000000000068	0.3
Tâche	573.1500000000069	0.3
d'être	573.5000000000069	0.3
"heureux."""	573.8500000000068	0.3
Il	574.4000000000069	0.3
fut	574.7500000000069	0.3
surpris	575.100000000007	0.3
par	575.450000000007	0.3
l'absence	575.8000000000069	0.3
de	576.1500000000069	0.3
reproches.	576.5000000000069	0.3
Il	577.050000000007	0.3
restait	577.400000000007	0.3
là	577.7500000000069	0.3
tout	578.100000000007	0.3
déconcerté,	578.450000000007	0.3
le	578.800000000007	0.3
globe	579.150000000007	0.3
en	579.5000000000069	0.3
l'air.	579.850000000007	0.3
Il	580.400000000007	0.3
ne	580.750000000007	0.3
comprenait	581.1000000000071	0.3
pas	581.450000000007	0.3
cette	581.800000000007	0.3
douceur	582.150000000007	0.3
calme.	582.500000000007	0.3
"""mais"	583.0500000000071	0.3
oui,	583.400000000007	0.3
je	583.750000000007	0.3
t'aime,	584.1000000000071	0.3
lui	584.4500000000071	0.3
dit	584.8000000000071	0.3
la	585.150000000007	0.3
fleur.	585.500000000007	0.3
Tu	586.0500000000071	0.3
n'en	586.4000000000071	0.3
as	586.7500000000072	0.3
rien	587.1000000000071	0.3
su,	587.4500000000071	0.3
par	587.8000000000071	0.3
ma	588.1500000000071	0.3
faute.	588.5000000000072	0.3
Cela	589.0500000000071	0.3
n'a	589.4000000000071	0.3
aucune	589.7500000000072	0.3
importance.	590.1000000000072	0.3
Mais	590.6500000000073	0.3
tu	591.0000000000072	0.3
as	591.3500000000072	0.3
été	591.7000000000072	0.3
aussi	592.0500000000072	0.3
sot	592.4000000000073	0.3
que	592.7500000000072	0.3
moi.	593.1000000000072	0.3
Tâche	593.6500000000073	0.3
d'être	594.0000000000073	0.3
heureux...	594.3500000000073	0.3
Laisse	594.9000000000073	0.3
ce	595.2500000000073	0.3
globe	595.6000000000073	0.3
tranquille.	595.9500000000073	0.3
Je	596.5000000000074	0.3
n'en	596.8500000000073	0.3
veux	597.2000000000073	0.3
plus.	597.5500000000073	0.3
-mais	598.1000000000074	0.3
le	598.4500000000074	0.3
vent...	598.8000000000073	0.3
-je	599.3500000000074	0.3
ne	599.7000000000074	0.3
suis	600.0500000000075	0.3
pas	600.4000000000075	0.3
si	600.7500000000074	0.3
enrhumée	601.1000000000074	0.3
que	601.4500000000074	0.3
ça...	601.8000000000075	0.3
L'air	602.3500000000074	0.3
frais	602.7000000000074	0.3
de	603.0500000000075	0.3
la	603.4000000000075	0.3
nuit	603.7500000000075	0.3
me	604.1000000000074	0.3
fera	604.4500000000074	0.3
du	604.8000000000075	0.3
bien.	605.1500000000075	0.3
Je	605.7000000000075	0.3
suis	606.0500000000075	0.3
une	606.4000000000075	0.3
fleur.	606.7500000000075	0.3
-mais	607.3000000000076	0.3
les	607.6500000000076	0.3
bêtes...	608.0000000000075	0.3
-il	608.5500000000076	0.3
faut	608.9000000000076	0.3
bien	609.2500000000076	0.3
que	609.6000000000076	0.3
je	609.9500000000075	0.3
supporte	610.3000000000076	0.3
deux	610.6500000000076	0.3
ou	611.0000000000076	0.3
trois	611.3500000000076	0.3
chenilles	611.7000000000075	0.3
si	612.0500000000076	0.3
je	612.4000000000076	0.3
veux	612.7500000000076	0.3
connaître	613.1000000000076	0.3
les	613.4500000000075	0.3
papillons.	613.8000000000076	0.3
Il	614.3500000000076	0.3
paraît	614.7000000000077	0.3
que	615.0500000000077	0.3
c'est	615.4000000000076	0.3
tellement	615.7500000000076	0.3
beau.	616.1000000000076	0.3
Sinon	616.6500000000077	0.3
qui	617.0000000000077	0.3
me	617.3500000000076	0.3
rendra	617.7000000000077	0.3
visite?	618.0500000000077	0.3
Tu	618.6000000000078	0.3
seras	618.9500000000078	0.3
loin,	619.3000000000077	0.3
toi.	619.6500000000077	0.3
Quant	620.2000000000078	0.3
aux	620.5500000000078	0.3
grosses	620.9000000000078	0.3
bêtes,	621.2500000000077	0.3
je	621.6000000000078	0.3
ne	621.9500000000078	0.3
crains	622.3000000000078	0.3
rien.	622.6500000000078	0.3
J'ai	623.2000000000078	0.3
mes	623.5500000000078	0.3
"griffes."""	623.9000000000078	0.3
Et	624.4500000000079	0.3
elle	624.8000000000079	0.3
montrait	625.1500000000078	0.3
naïvement	625.5000000000078	0.3
ses	625.8500000000079	0.3
quatre	626.2000000000079	0.3
épines.	626.5500000000079	0.3
Puis	627.1000000000079	0.3
elle	627.4500000000079	0.3
ajouta:	627.8000000000079	0.3
"""ne"	628.1500000000079	0.3
traîne	628.500000000008	0.3
pas	628.8500000000079	0.3
comme	629.2000000000079	0.3
ça,	629.5500000000079	0.3
c'est	629.9000000000079	0.3
agaçant.	630.250000000008	0.3
Tu	630.8000000000079	0.3
as	631.1500000000079	0.3
décidé	631.500000000008	0.3
de	631.850000000008	0.3
partir.	632.200000000008	0.3
"Va-t'en."""	632.750000000008	0.3
Car	633.300000000008	0.3
elle	633.650000000008	0.3
ne	634.0000000000081	0.3
voulait	634.3500000000081	0.3
pas	634.700000000008	0.3
qu'il	635.050000000008	0.3
la	635.400000000008	0.3
vît	635.7500000000081	0.3
pleurer.	636.1000000000081	0.3
C'était	636.650000000008	0.3
une	637.0000000000081	0.3
fleur	637.3500000000081	0.3
tellement	637.7000000000081	0.3
orgueilleuse...	638.0500000000081	0.3
