Lorsque j'avais six ans,	0.000000	0.600000
j'ai vu, une fois,	0.800000	0.600000
une magnifique image,	1.600000	0.600000
dans un livre	2.400000	0.600000
sur la forêt vierge	3.200000	0.600000
qui s'appelait 	4.000000	0.600000
histoires vécues.	4.800000	0.600000
ça représentait 	5.600000	0.600000
un serpent boa	6.400000	0.600000
qui avalait 	7.200000	0.600000
un fauve.	8.000000	0.600000
Voilà 	8.800000	0.600000
la copie	9.600000	0.600000
du dessin.	10.400000	0.600000
On disait	11.200000	0.600000
dans le livre :	12.000000	0.600000
Les serpents boas	12.800000	0.600000
avalent	13.600000	0.600000
leur proie	14.400000	0.600000
tout entière,	15.200000	0.600000
sans la mâcher.	16.000000	0.600000
ensuite	16.800000	0.600000
ils ne peuvent plus 	17.600000	0.600000
bouger	18.400000	0.600000
et ils dorment 	19.200000	0.600000
pendant les six mois	20.000000	0.600000
de leur digestion.	20.800000	0.600000
J'ai alors	21.600000	0.600000
beaucoup réfléchi	22.400000	0.600000
sur les aventures	23.200000	0.600000
de la jungle	24.000000	0.600000
et, à mon tour,	24.800000	0.600000
j'ai réussi,	25.600000	0.600000
avec un crayon de couleur,	26.400000	0.600000
à tracer	27.200000	0.600000
mon premier dessin.	28.000000	0.600000
Mon dessin	28.800000	0.600000
numéro 1.	29.600000	0.600000
Il était	30.400000	0.600000
comme ça :	31.200000	0.600000
j'ai montré	32.000000	0.600000
mon chef-d'oeuvre	32.800000	0.600000
aux grandes	33.600000	0.600000
personnes	34.400000	0.600000
et je leur ai demandé	35.200000	0.600000
si mon dessin	36.000000	0.600000
leur faisait peur.	36.800000	0.600000
Elles m'ont répondu :	37.600000	0.600000
"pourquoi un chapeau	38.400000	0.600000
ferait-il peur?"	39.200000	0.600000
Mon dessin	40.000000	0.600000
ne	40.800000	0.600000
représentait	41.600000	0.600000
pas	42.400000	0.600000
un	43.200000	0.600000
chapeau.	44.000000	0.600000
il	44.800000	0.600000
représentait	45.600000	0.600000
un	46.400000	0.600000
serpent	47.200000	0.600000
boa	48.000000	0.600000
qui	48.800000	0.600000
digérait	49.600000	0.600000
un	50.400000	0.600000
éléphant.	51.200000	0.600000
j'ai	52.000000	0.600000
alors	52.800000	0.600000
dessiné	53.600000	0.600000
l'intérieur	54.400000	0.600000
du	55.200000	0.600000
serpent	56.000000	0.600000
boa,	56.800000	0.600000
afin	57.600000	0.600000
que	58.400000	0.600000
les	59.200000	0.600000
grandes	60.000000	0.600000
personnes	60.800000	0.600000
puissent	61.600000	0.600000
comprendre.	62.400000	0.600000
elles	63.200000	0.600000
ont	64.000000	0.600000
toujours	64.800000	0.600000
besoin	65.600000	0.600000
d'explications.	66.400000	0.600000
mon	67.200000	0.600000
dessin	68.000000	0.600000
numéro	68.800000	0.600000
2	69.600000	0.600000
était	70.400000	0.600000
comme	71.200000	0.600000
ça	72.000000	0.600000
:	72.800000	0.600000
les	73.600000	0.600000
grandes	74.400000	0.600000
personnes	75.200000	0.600000
m'ont	76.000000	0.600000
conseillé	76.800000	0.600000
de	77.600000	0.600000
laisser	78.400000	0.600000
de	79.200000	0.600000
côté	80.000000	0.600000
les	80.800000	0.600000
dessins	81.600000	0.600000
de	82.400000	0.600000
serpents	83.200000	0.600000
boas	84.000000	0.600000
ouverts	84.800000	0.600000
ou	85.600000	0.600000
fermés,	86.400000	0.600000
et	87.200000	0.600000
de	88.000000	0.600000
m'intéresser	88.800000	0.600000
plutôt	89.600000	0.600000
à	90.400000	0.600000
la	91.200000	0.600000
géographie,	92.000000	0.600000
à	92.800000	0.600000
l'histoire,	93.600000	0.600000
au	94.400000	0.600000
calcul	95.200000	0.600000
et	96.000000	0.600000
à	96.800000	0.600000
la	97.600000	0.600000
grammaire.	98.400000	0.600000
c'est	99.200000	0.600000
ainsi	100.000000	0.600000
que	100.800000	0.600000
j'ai	101.600000	0.600000
abandonné,	102.400000	0.600000
à	103.200000	0.600000
l'âge	104.000000	0.600000
de	104.800000	0.600000
six	105.600000	0.600000
ans,	106.400000	0.600000
une	107.200000	0.600000
magnifique	108.000000	0.600000
carrière	108.800000	0.600000
de	109.600000	0.600000
peintre.	110.400000	0.600000
j'avais	111.200000	0.600000
été	112.000000	0.600000
découragé	112.800000	0.600000
par	113.600000	0.600000
l'insuccès	114.400000	0.600000
de	115.200000	0.600000
mon	116.000000	0.600000
dessin	116.800000	0.600000
numéro	117.600000	0.600000
1	118.400000	0.600000
et	119.200000	0.600000
de	120.000000	0.600000
mon	120.800000	0.600000
dessin	121.600000	0.600000
numéro	122.400000	0.600000
2.	123.200000	0.600000
les	124.000000	0.600000
grandes	124.800000	0.600000
personnes	125.600000	0.600000
ne	126.400000	0.600000
comprennent	127.200000	0.600000
jamais	128.000000	0.600000
rien	128.800000	0.600000
toutes	129.600000	0.600000
seules,	130.400000	0.600000
et	131.200000	0.600000
c'est	132.000000	0.600000
fatigant,	132.800000	0.600000
pour	133.600000	0.600000
les	134.400000	0.600000
enfants,	135.200000	0.600000
de	136.000000	0.600000
toujours	136.800000	0.600000
et	137.600000	0.600000
toujours	138.400000	0.600000
leur	139.200000	0.600000
donner	140.000000	0.600000
des	140.800000	0.600000
explications...	141.600000	0.600000
j'ai	142.400000	0.600000
donc	143.200000	0.600000
dû	144.000000	0.600000
choisir	144.800000	0.600000
un	145.600000	0.600000
autre	146.400000	0.600000
métier	147.200000	0.600000
et	148.000000	0.600000
j'ai	148.800000	0.600000
appris	149.600000	0.600000
à	150.400000	0.600000
piloter	151.200000	0.600000
des	152.000000	0.600000
avions.	152.800000	0.600000
j'ai	153.600000	0.600000
volé	154.400000	0.600000
un	155.200000	0.600000
peu	156.000000	0.600000
partout	156.800000	0.600000
dans	157.600000	0.600000
le	158.400000	0.600000
monde.	159.200000	0.600000
et	160.000000	0.600000
la	160.800000	0.600000
géographie,	161.600000	0.600000
c'est	162.400000	0.600000
exact,	163.200000	0.600000
m'a	164.000000	0.600000
beaucoup	164.800000	0.600000
servi.	165.600000	0.600000
je	166.400000	0.600000
savais	167.200000	0.600000
reconnaître,	168.000000	0.600000
du	168.800000	0.600000
premier	169.600000	0.600000
coup	170.400000	0.600000
d'oeil,	171.200000	0.600000
la	172.000000	0.600000
chine	172.800000	0.600000
de	173.600000	0.600000
l'arizona.	174.400000	0.600000
c'est	175.200000	0.600000
très	176.000000	0.600000
utile,	176.800000	0.600000
si	177.600000	0.600000
l'on	178.400000	0.600000
s'est	179.200000	0.600000
égaré	180.000000	0.600000
pendant	180.800000	0.600000
la	181.600000	0.600000
nuit.	182.400000	0.600000
j'ai	183.200000	0.600000
ainsi	184.000000	0.600000
eu,	184.800000	0.600000
au	185.600000	0.600000
cours	186.400000	0.600000
de	187.200000	0.600000
ma	188.000000	0.600000
vie,	188.800000	0.600000
des	189.600000	0.600000
tas	190.400000	0.600000
de	191.200000	0.600000
contacts	192.000000	0.600000
avec	192.800000	0.600000
des	193.600000	0.600000
tas	194.400000	0.600000
de	195.200000	0.600000
gens	196.000000	0.600000
sérieux.	196.800000	0.600000
j'ai	197.600000	0.600000
beaucoup	198.400000	0.600000
vécu	199.200000	0.600000
chez	200.000000	0.600000
les	200.800000	0.600000
grandes	201.600000	0.600000
personnes.	202.400000	0.600000
je	203.200000	0.600000
les	204.000000	0.600000
ai	204.800000	0.600000
vues	205.600000	0.600000
de	206.400000	0.600000
très	207.200000	0.600000
près.	208.000000	0.600000
ça	208.800000	0.600000
n'a	209.600000	0.600000
pas	210.400000	0.600000
trop	211.200000	0.600000
amélioré	212.000000	0.600000
mon	212.800000	0.600000
opinion.	213.600000	0.600000
quand	214.400000	0.600000
j'en	215.200000	0.600000
rencontrais	216.000000	0.600000
une	216.800000	0.600000
qui	217.600000	0.600000
me	218.400000	0.600000
paraissait	219.200000	0.600000
un	220.000000	0.600000
peu	220.800000	0.600000
lucide,	221.600000	0.600000
je	222.400000	0.600000
faisais	223.200000	0.600000
l'expérience	224.000000	0.600000
sur	224.800000	0.600000
elle	225.600000	0.600000
de	226.400000	0.600000
mon	227.200000	0.600000
dessin	228.000000	0.600000
numéro	228.800000	0.600000
1	229.600000	0.600000
que	230.400000	0.600000
j'ai	231.200000	0.600000
toujours	232.000000	0.600000
conservé	232.800000	0.600000
je	233.600000	0.600000
voulais	234.400000	0.600000
savoir	235.200000	0.600000
si	236.000000	0.600000
elle	236.800000	0.600000
était	237.600000	0.600000
vraiment	238.400000	0.600000
compréhensive.	239.200000	0.600000
mais	240.000000	0.600000
toujours	240.800000	0.600000
elle	241.600000	0.600000
me	242.400000	0.600000
répondait	243.200000	0.600000
:	244.000000	0.600000
"c'est	244.800000	0.600000
un	245.600000	0.600000
chapeau."	246.400000	0.600000
alors	247.200000	0.600000
je	248.000000	0.600000
ne	248.800000	0.600000
lui	249.600000	0.600000
parlais	250.400000	0.600000
ni	251.200000	0.600000
de	252.000000	0.600000
serpents	252.800000	0.600000
boas,	253.600000	0.600000
ni	254.400000	0.600000
de	255.200000	0.600000
forêts	256.000000	0.600000
vierges,	256.800000	0.600000
ni	257.600000	0.600000
d'étoiles.	258.400000	0.600000
je	259.200000	0.600000
me	260.000000	0.600000
mettais	260.800000	0.600000
à	261.600000	0.600000
sa	262.400000	0.600000
portée.	263.200000	0.600000
je	264.000000	0.600000
lui	264.800000	0.600000
parlais	265.600000	0.600000
de	266.400000	0.600000
bridge,	267.200000	0.600000
de	268.000000	0.600000
golf,	268.800000	0.600000
de	269.600000	0.600000
politique	270.400000	0.600000
et	271.200000	0.600000
de	272.000000	0.600000
cravates.	272.800000	0.600000
et	273.600000	0.600000
la	274.400000	0.600000
grande	275.200000	0.600000
personne	276.000000	0.600000
était	276.800000	0.600000
bien	277.600000	0.600000
contente	278.400000	0.600000
de	279.200000	0.600000
connaître	280.000000	0.600000
un	280.800000	0.600000
homme	281.600000	0.600000
aussi	282.400000	0.600000
raisonnable...	283.200000	0.600000
j'ai	284.000000	0.600000
ainsi	284.800000	0.600000
vécu	285.600000	0.600000
seul,	286.400000	0.600000
sans	287.200000	0.600000
personne	288.000000	0.600000
avec	288.800000	0.600000
qui	289.600000	0.600000
parler	290.400000	0.600000
véritablement,	291.200000	0.600000
jusqu'à	292.000000	0.600000
une	292.800000	0.600000
panne	293.600000	0.600000
dans	294.400000	0.600000
le	295.200000	0.600000
désert	296.000000	0.600000
du	296.800000	0.600000
sahara,	297.600000	0.600000
il	298.400000	0.600000
y	299.200000	0.600000
a	300.000000	0.600000
six	300.800000	0.600000
ans.	301.600000	0.600000
quelque	302.400000	0.600000
chose	303.200000	0.600000
s'était	304.000000	0.600000
cassé	304.800000	0.600000
dans	305.600000	0.600000
mon	306.400000	0.600000
moteur.	307.200000	0.600000
et	308.000000	0.600000
comme	308.800000	0.600000
je	309.600000	0.600000
n'avais	310.400000	0.600000
avec	311.200000	0.600000
moi	312.000000	0.600000
ni	312.800000	0.600000
mécanicien,	313.600000	0.600000
ni	314.400000	0.600000
passagers,	315.200000	0.600000
je	316.000000	0.600000
me	316.800000	0.600000
préparai	317.600000	0.600000
à	318.400000	0.600000
essayer	319.200000	0.600000
de	320.000000	0.600000
réussir,	320.800000	0.600000
tout	321.600000	0.600000
seul,	322.400000	0.600000
une	323.200000	0.600000
réparation	324.000000	0.600000
difficile.	324.800000	0.600000
c'était	325.600000	0.600000
pour	326.400000	0.600000
moi	327.200000	0.600000
une	328.000000	0.600000
question	328.800000	0.600000
de	329.600000	0.600000
vie	330.400000	0.600000
ou	331.200000	0.600000
de	332.000000	0.600000
mort.	332.800000	0.600000
j'avais	333.600000	0.600000
à	334.400000	0.600000
peine	335.200000	0.600000
de	336.000000	0.600000
l'eau	336.800000	0.600000
à	337.600000	0.600000
boire	338.400000	0.600000
pour	339.200000	0.600000
huit	340.000000	0.600000
jours.	340.800000	0.600000
le	341.600000	0.600000
premier	342.400000	0.600000
soir	343.200000	0.600000
je	344.000000	0.600000
me	344.800000	0.600000
suis	345.600000	0.600000
donc	346.400000	0.600000
endormi	347.200000	0.600000
sur	348.000000	0.600000
le	348.800000	0.600000
sable	349.600000	0.600000
à	350.400000	0.600000
mille	351.200000	0.600000
milles	352.000000	0.600000
de	352.800000	0.600000
toute	353.600000	0.600000
terre	354.400000	0.600000
habitée.	355.200000	0.600000
j'étais	356.000000	0.600000
bien	356.800000	0.600000
plus	357.600000	0.600000
isolé	358.400000	0.600000
qu'un	359.200000	0.600000
naufragé	360.000000	0.600000
sur	360.800000	0.600000
un	361.600000	0.600000
radeau	362.400000	0.600000
au	363.200000	0.600000
milieu	364.000000	0.600000
de	364.800000	0.600000
l'océan.	365.600000	0.600000
alors	366.400000	0.600000
vous	367.200000	0.600000
imaginez	368.000000	0.600000
ma	368.800000	0.600000
surprise,	369.600000	0.600000
au	370.400000	0.600000
lever	371.200000	0.600000
du	372.000000	0.600000
jour,	372.800000	0.600000
quand	373.600000	0.600000
une	374.400000	0.600000
drôle	375.200000	0.600000
de	376.000000	0.600000
petite	376.800000	0.600000
voix	377.600000	0.600000
m'a	378.400000	0.600000
réveillé.	379.200000	0.600000
elle	380.000000	0.600000
disait	380.800000	0.600000
:	381.600000	0.600000
"s'il	382.400000	0.600000
vous	383.200000	0.600000
plaît...	384.000000	0.600000
dessine-moi	384.800000	0.600000
un	385.600000	0.600000
mouton!	386.400000	0.600000
-	387.200000	0.600000
hein!	388.000000	0.600000
-	388.800000	0.600000
dessine-moi	389.600000	0.600000
un	390.400000	0.600000
mouton..."	391.200000	0.600000
j'ai	392.000000	0.600000
sauté	392.800000	0.600000
sur	393.600000	0.600000
mes	394.400000	0.600000
pieds	395.200000	0.600000
comme	396.000000	0.600000
si	396.800000	0.600000
j'avais	397.600000	0.600000
été	398.400000	0.600000
frappé	399.200000	0.600000
par	400.000000	0.600000
la	400.800000	0.600000
foudre.	401.600000	0.600000
j'ai	402.400000	0.600000
bien	403.200000	0.600000
frotté	404.000000	0.600000
mes	404.800000	0.600000
yeux.	405.600000	0.600000
j'ai	406.400000	0.600000
bien	407.200000	0.600000
regardé.	408.000000	0.600000
et	408.800000	0.600000
j'ai	409.600000	0.600000
vu	410.400000	0.600000
un	411.200000	0.600000
petit	412.000000	0.600000
bonhomme	412.800000	0.600000
tout	413.600000	0.600000
à	414.400000	0.600000
fait	415.200000	0.600000
extraordinaire	416.000000	0.600000
qui	416.800000	0.600000
me	417.600000	0.600000
considérait	418.400000	0.600000
gravement.	419.200000	0.600000
voilà	420.000000	0.600000
le	420.800000	0.600000
meilleur	421.600000	0.600000
portrait	422.400000	0.600000
que,	423.200000	0.600000
plus	424.000000	0.600000
tard,	424.800000	0.600000
j'ai	425.600000	0.600000
réussi	426.400000	0.600000
à	427.200000	0.600000
faire	428.000000	0.600000
de	428.800000	0.600000
lui.	429.600000	0.600000
mais	430.400000	0.600000
mon	431.200000	0.600000
dessin,	432.000000	0.600000
bien	432.800000	0.600000
sûr,	433.600000	0.600000
est	434.400000	0.600000
beaucoup	435.200000	0.600000
moins	436.000000	0.600000
ravissant	436.800000	0.600000
que	437.600000	0.600000
le	438.400000	0.600000
modèle.	439.200000	0.600000
ce	440.000000	0.600000
n'est	440.800000	0.600000
pas	441.600000	0.600000
ma	442.400000	0.600000
faute.	443.200000	0.600000
j'avais	444.000000	0.600000
été	444.800000	0.600000
découragé	445.600000	0.600000
dans	446.400000	0.600000
ma	447.200000	0.600000
carrière	448.000000	0.600000
de	448.800000	0.600000
peintre	449.600000	0.600000
par	450.400000	0.600000
les	451.200000	0.600000
grandes	452.000000	0.600000
personnes,	452.800000	0.600000
à	453.600000	0.600000
l'âge	454.400000	0.600000
de	455.200000	0.600000
six	456.000000	0.600000
ans,	456.800000	0.600000
et	457.600000	0.600000
je	458.400000	0.600000
n'avais	459.200000	0.600000
rien	460.000000	0.600000
appris	460.800000	0.600000
à	461.600000	0.600000
dessiner,	462.400000	0.600000
sauf	463.200000	0.600000
les	464.000000	0.600000
boas	464.800000	0.600000
fermés	465.600000	0.600000
et	466.400000	0.600000
les	467.200000	0.600000
boas	468.000000	0.600000
ouverts.	468.800000	0.600000
je	469.600000	0.600000
regardai	470.400000	0.600000
donc	471.200000	0.600000
cette	472.000000	0.600000
apparition	472.800000	0.600000
avec	473.600000	0.600000
des	474.400000	0.600000
yeux	475.200000	0.600000
tout	476.000000	0.600000
ronds	476.800000	0.600000
d'étonnement.	477.600000	0.600000
n'oubliez	478.400000	0.600000
pas	479.200000	0.600000
que	480.000000	0.600000
je	480.800000	0.600000
me	481.600000	0.600000
trouvais	482.400000	0.600000
à	483.200000	0.600000
mille	484.000000	0.600000
milles	484.800000	0.600000
de	485.600000	0.600000
toute	486.400000	0.600000
région	487.200000	0.600000
habitée.	488.000000	0.600000
or	488.800000	0.600000
mon	489.600000	0.600000
petit	490.400000	0.600000
bonhomme	491.200000	0.600000
ne	492.000000	0.600000
me	492.800000	0.600000
semblait	493.600000	0.600000
ni	494.400000	0.600000
égaré,	495.200000	0.600000
ni	496.000000	0.600000
mort	496.800000	0.600000
de	497.600000	0.600000
fatigue,	498.400000	0.600000
ni	499.200000	0.600000
mort	500.000000	0.600000
de	500.800000	0.600000
faim,	501.600000	0.600000
ni	502.400000	0.600000
mort	503.200000	0.600000
de	504.000000	0.600000
soif,	504.800000	0.600000
ni	505.600000	0.600000
mort	506.400000	0.600000
de	507.200000	0.600000
peur.	508.000000	0.600000
il	508.800000	0.600000
n'avait	509.600000	0.600000
en	510.400000	0.600000
rien	511.200000	0.600000
l'apparence	512.000000	0.600000
d'un	512.800000	0.600000
enfant	513.600000	0.600000
perdu	514.400000	0.600000
au	515.200000	0.600000
milieu	516.000000	0.600000
du	516.800000	0.600000
désert,	517.600000	0.600000
à	518.400000	0.600000
mille	519.200000	0.600000
milles	520.000000	0.600000
de	520.800000	0.600000
toute	521.600000	0.600000
région	522.400000	0.600000
habitée.	523.200000	0.600000
quand	524.000000	0.600000
je	524.800000	0.600000
réussis	525.600000	0.600000
enfin	526.400000	0.600000
à	527.200000	0.600000
parler,	528.000000	0.600000
je	528.800000	0.600000
lui	529.600000	0.600000
dis:	530.400000	0.600000
"mais...	531.200000	0.600000
qu'est-ce	532.000000	0.600000
que	532.800000	0.600000
tu	533.600000	0.600000
fais	534.400000	0.600000
là?"	535.200000	0.600000
et	536.000000	0.600000
il	536.800000	0.600000
me	537.600000	0.600000
répéta	538.400000	0.600000
alors,	539.200000	0.600000
tout	540.000000	0.600000
doucement,	540.800000	0.600000
comme	541.600000	0.600000
une	542.400000	0.600000
chose	543.200000	0.600000
très	544.000000	0.600000
sérieuse	544.800000	0.600000
:	545.600000	0.600000
"s'il	546.400000	0.600000
vous	547.200000	0.600000
plaît...	548.000000	0.600000
dessine-moi	548.800000	0.600000
un	549.600000	0.600000
mouton..."	550.400000	0.600000
quand	551.200000	0.600000
le	552.000000	0.600000
mystère	552.800000	0.600000
est	553.600000	0.600000
trop	554.400000	0.600000
impressionnant,	555.200000	0.600000
on	556.000000	0.600000
n'ose	556.800000	0.600000
pas	557.600000	0.600000
désobéir.	558.400000	0.600000
aussi	559.200000	0.600000
absurde	560.000000	0.600000
que	560.800000	0.600000
cela	561.600000	0.600000
me	562.400000	0.600000
semblât	563.200000	0.600000
à	564.000000	0.600000
mille	564.800000	0.600000
milles	565.600000	0.600000
de	566.400000	0.600000
tous	567.200000	0.600000
les	568.000000	0.600000
endroits	568.800000	0.600000
habités	569.600000	0.600000
et	570.400000	0.600000
en	571.200000	0.600000
danger	572.000000	0.600000
de	572.800000	0.600000
mort,	573.600000	0.600000
je	574.400000	0.600000
sortis	575.200000	0.600000
de	576.000000	0.600000
ma	576.800000	0.600000
poche	577.600000	0.600000
une	578.400000	0.600000
feuille	579.200000	0.600000
de	580.000000	0.600000
papier	580.800000	0.600000
et	581.600000	0.600000
un	582.400000	0.600000
stylographe.	583.200000	0.600000
mais	584.000000	0.600000
je	584.800000	0.600000
me	585.600000	0.600000
rappelai	586.400000	0.600000
alors	587.200000	0.600000
que	588.000000	0.600000
j'avais	588.800000	0.600000
surtout	589.600000	0.600000
étudié	590.400000	0.600000
la	591.200000	0.600000
géographie,	592.000000	0.600000
l'histoire,	592.800000	0.600000
le	593.600000	0.600000
calcul	594.400000	0.600000
et	595.200000	0.600000
la	596.000000	0.600000
grammaire	596.800000	0.600000
et	597.600000	0.600000
je	598.400000	0.600000
dis	599.200000	0.600000
au	600.000000	0.600000
petit	600.800000	0.600000
bonhomme	601.600000	0.600000
avec	602.400000	0.600000
un	603.200000	0.600000
peu	604.000000	0.600000
de	604.800000	0.600000
mauvaise	605.600000	0.600000
humeur	606.400000	0.600000
que	607.200000	0.600000
je	608.000000	0.600000
ne	608.800000	0.600000
savais	609.600000	0.600000
pas	610.400000	0.600000
dessiner.	611.200000	0.600000
il	612.000000	0.600000
me	612.800000	0.600000
répondit	613.600000	0.600000
:	614.400000	0.600000
"ça	615.200000	0.600000
ne	616.000000	0.600000
fait	616.800000	0.600000
rien.	617.600000	0.600000
dessine-moi	618.400000	0.600000
un	619.200000	0.600000
mouton."	620.000000	0.600000
comme	620.800000	0.600000
je	621.600000	0.600000
n'avais	622.400000	0.600000
jamais	623.200000	0.600000
dessiné	624.000000	0.600000
un	624.800000	0.600000
mouton	625.600000	0.600000
je	626.400000	0.600000
refis,	627.200000	0.600000
pour	628.000000	0.600000
lui,	628.800000	0.600000
l'un	629.600000	0.600000
des	630.400000	0.600000
deux	631.200000	0.600000
seuls	632.000000	0.600000
dessins	632.800000	0.600000
dont	633.600000	0.600000
j'étais	634.400000	0.600000
capable.	635.200000	0.600000
celui	636.000000	0.600000
du	636.800000	0.600000
boa	637.600000	0.600000
fermé.	638.400000	0.600000
et	639.200000	0.600000
je	640.000000	0.600000
fus	640.800000	0.600000
stupéfait	641.600000	0.600000
d'entendre	642.400000	0.600000
le	643.200000	0.600000
petit	644.000000	0.600000
bonhomme	644.800000	0.600000
me	645.600000	0.600000
répondre	646.400000	0.600000
:	647.200000	0.600000
"non!	648.000000	0.600000
non!	648.800000	0.600000
je	649.600000	0.600000
ne	650.400000	0.600000
veux	651.200000	0.600000
pas	652.000000	0.600000
d'un	652.800000	0.600000
éléphant	653.600000	0.600000
dans	654.400000	0.600000
un	655.200000	0.600000
boa.	656.000000	0.600000
un	656.800000	0.600000
boa	657.600000	0.600000
c'est	658.400000	0.600000
très	659.200000	0.600000
dangereux,	660.000000	0.600000
et	660.800000	0.600000
un	661.600000	0.600000
éléphant	662.400000	0.600000
c'est	663.200000	0.600000
très	664.000000	0.600000
encombrant.	664.800000	0.600000
chez	665.600000	0.600000
moi	666.400000	0.600000
c'est	667.200000	0.600000
tout	668.000000	0.600000
petit.	668.800000	0.600000
j'ai	669.600000	0.600000
besoin	670.400000	0.600000
d'un	671.200000	0.600000
mouton.	672.000000	0.600000
dessine-moi	672.800000	0.600000
un	673.600000	0.600000
mouton."	674.400000	0.600000
alors	675.200000	0.600000
j'ai	676.000000	0.600000
dessiné.	676.800000	0.600000
il	677.600000	0.600000
regarda	678.400000	0.600000
attentivement,	679.200000	0.600000
puis	680.000000	0.600000
:	680.800000	0.600000
"non!	681.600000	0.600000
celui-là	682.400000	0.600000
est	683.200000	0.600000
très	684.000000	0.600000
malade.	684.800000	0.600000
fais-en	685.600000	0.600000
un	686.400000	0.600000
autre."	687.200000	0.600000
je	688.000000	0.600000
dessinai	688.800000	0.600000
:	689.600000	0.600000
mon	690.400000	0.600000
ami	691.200000	0.600000
sourit	692.000000	0.600000
gentiment,	692.800000	0.600000
avec	693.600000	0.600000
indulgence	694.400000	0.600000
:	695.200000	0.600000
"tu	696.000000	0.600000
vois	696.800000	0.600000
bien...	697.600000	0.600000
ce	698.400000	0.600000
n'est	699.200000	0.600000
pas	700.000000	0.600000
un	700.800000	0.600000
mouton,	701.600000	0.600000
c'est	702.400000	0.600000
un	703.200000	0.600000
bélier.	704.000000	0.600000
il	704.800000	0.600000
a	705.600000	0.600000
des	706.400000	0.600000
cornes..."	707.200000	0.600000
je	708.000000	0.600000
refis	708.800000	0.600000
donc	709.600000	0.600000
encore	710.400000	0.600000
mon	711.200000	0.600000
dessin	712.000000	0.600000
:	712.800000	0.600000
mais	713.600000	0.600000
il	714.400000	0.600000
fut	715.200000	0.600000
refusé,	716.000000	0.600000
comme	716.800000	0.600000
les	717.600000	0.600000
précédents	718.400000	0.600000
:	719.200000	0.600000
"celui-là	720.000000	0.600000
est	720.800000	0.600000
trop	721.600000	0.600000
vieux.	722.400000	0.600000
je	723.200000	0.600000
veux	724.000000	0.600000
un	724.800000	0.600000
mouton	725.600000	0.600000
qui	726.400000	0.600000
vive	727.200000	0.600000
longtemps."	728.000000	0.600000
alors,	728.800000	0.600000
faute	729.600000	0.600000
de	730.400000	0.600000
patience,	731.200000	0.600000
comme	732.000000	0.600000
j'avais	732.800000	0.600000
hâte	733.600000	0.600000
de	734.400000	0.600000
commencer	735.200000	0.600000
le	736.000000	0.600000
démontage	736.800000	0.600000
de	737.600000	0.600000
mon	738.400000	0.600000
moteur,	739.200000	0.600000
je	740.000000	0.600000
griffonnai	740.800000	0.600000
ce	741.600000	0.600000
dessin-ci	742.400000	0.600000
:	743.200000	0.600000
et	744.000000	0.600000
je	744.800000	0.600000
lançai	745.600000	0.600000
:	746.400000	0.600000
"ça	747.200000	0.600000
c'est	748.000000	0.600000
la	748.800000	0.600000
caisse.	749.600000	0.600000
le	750.400000	0.600000
mouton	751.200000	0.600000
que	752.000000	0.600000
tu	752.800000	0.600000
veux	753.600000	0.600000
est	754.400000	0.600000
dedans."	755.200000	0.600000
mais	756.000000	0.600000
je	756.800000	0.600000
fus	757.600000	0.600000
bien	758.400000	0.600000
surpris	759.200000	0.600000
de	760.000000	0.600000
voir	760.800000	0.600000
s'illuminer	761.600000	0.600000
le	762.400000	0.600000
visage	763.200000	0.600000
de	764.000000	0.600000
mon	764.800000	0.600000
jeune	765.600000	0.600000
juge	766.400000	0.600000
:	767.200000	0.600000
"c'est	768.000000	0.600000
tout	768.800000	0.600000
a	769.600000	0.600000
fait	770.400000	0.600000
comme	771.200000	0.600000
ça	772.000000	0.600000
que	772.800000	0.600000
je	773.600000	0.600000
le	774.400000	0.600000
voulais!	775.200000	0.600000
crois-tu	776.000000	0.600000
qu'il	776.800000	0.600000
faille	777.600000	0.600000
beaucoup	778.400000	0.600000
d'herbe	779.200000	0.600000
à	780.000000	0.600000
ce	780.800000	0.600000
mouton?	781.600000	0.600000
-	782.400000	0.600000
pourquoi?	783.200000	0.600000
-	784.000000	0.600000
parce	784.800000	0.600000
que	785.600000	0.600000
chez	786.400000	0.600000
moi	787.200000	0.600000
c'est	788.000000	0.600000
tout	788.800000	0.600000
petit...	789.600000	0.600000
-	790.400000	0.600000
ça	791.200000	0.600000
suffira	792.000000	0.600000
sûrement.	792.800000	0.600000
je	793.600000	0.600000
t'ai	794.400000	0.600000
donné	795.200000	0.600000
un	796.000000	0.600000
tout	796.800000	0.600000
petit	797.600000	0.600000
mouton."	798.400000	0.600000
il	799.200000	0.600000
pencha	800.000000	0.600000
la	800.800000	0.600000
tête	801.600000	0.600000
vers	802.400000	0.600000
le	803.200000	0.600000
dessin	804.000000	0.600000
:	804.800000	0.600000
"pas	805.600000	0.600000
si	806.400000	0.600000
petit	807.200000	0.600000
que	808.000000	0.600000
ça...	808.800000	0.600000
tiens!	809.600000	0.600000
il	810.400000	0.600000
s'est	811.200000	0.600000
endormi..."	812.000000	0.600000
et	812.800000	0.600000
c'est	813.600000	0.600000
ainsi	814.400000	0.600000
que	815.200000	0.600000
je	816.000000	0.600000
fis	816.800000	0.600000
la	817.600000	0.600000
connaissance	818.400000	0.600000
du	819.200000	0.600000
petit	820.000000	0.600000
prince.	820.800000	0.600000
il	821.600000	0.600000
me	822.400000	0.600000
fallut	823.200000	0.600000
longtemps	824.000000	0.600000
pour	824.800000	0.600000
comprendre	825.600000	0.600000
d'où	826.400000	0.600000
il	827.200000	0.600000
venait.	828.000000	0.600000
le	828.800000	0.600000
petit	829.600000	0.600000
prince,	830.400000	0.600000
qui	831.200000	0.600000
me	832.000000	0.600000
posait	832.800000	0.600000
beaucoup	833.600000	0.600000
de	834.400000	0.600000
questions,	835.200000	0.600000
ne	836.000000	0.600000
semblait	836.800000	0.600000
jamais	837.600000	0.600000
entendre	838.400000	0.600000
les	839.200000	0.600000
miennes.	840.000000	0.600000
ce	840.800000	0.600000
sont	841.600000	0.600000
des	842.400000	0.600000
mots	843.200000	0.600000
prononcés	844.000000	0.600000
par	844.800000	0.600000
hasard	845.600000	0.600000
qui,	846.400000	0.600000
peu	847.200000	0.600000
à	848.000000	0.600000
peu,	848.800000	0.600000
m'ont	849.600000	0.600000
tout	850.400000	0.600000
révélé.	851.200000	0.600000
ainsi,	852.000000	0.600000
quand	852.800000	0.600000
il	853.600000	0.600000
aperçut	854.400000	0.600000
pour	855.200000	0.600000
la	856.000000	0.600000
première	856.800000	0.600000
fois	857.600000	0.600000
mon	858.400000	0.600000
avion,	859.200000	0.600000
je	860.000000	0.600000
ne	860.800000	0.600000
dessinerai	861.600000	0.600000
pas	862.400000	0.600000
mon	863.200000	0.600000
avion,	864.000000	0.600000
c'est	864.800000	0.600000
un	865.600000	0.600000
dessin	866.400000	0.600000
beaucoup	867.200000	0.600000
trop	868.000000	0.600000
compliqué	868.800000	0.600000
pour	869.600000	0.600000
moi,	870.400000	0.600000
il	871.200000	0.600000
me	872.000000	0.600000
demanda	872.800000	0.600000
:	873.600000	0.600000
"qu'est-ce	874.400000	0.600000
que	875.200000	0.600000
c'est	876.000000	0.600000
que	876.800000	0.600000
cette	877.600000	0.600000
chose-là?	878.400000	0.600000
-	879.200000	0.600000
ce	880.000000	0.600000
n'est	880.800000	0.600000
pas	881.600000	0.600000
une	882.400000	0.600000
chose.	883.200000	0.600000
ça	884.000000	0.600000
vole.	884.800000	0.600000
c'est	885.600000	0.600000
un	886.400000	0.600000
avion.	887.200000	0.600000
c'est	888.000000	0.600000
mon	888.800000	0.600000
avion."	889.600000	0.600000
et	890.400000	0.600000
j'étais	891.200000	0.600000
fier	892.000000	0.600000
de	892.800000	0.600000
lui	893.600000	0.600000
apprendre	894.400000	0.600000
que	895.200000	0.600000
je	896.000000	0.600000
volais.	896.800000	0.600000
alors	897.600000	0.600000
il	898.400000	0.600000
s'écria	899.200000	0.600000
:	900.000000	0.600000
"comment!	900.800000	0.600000
tu	901.600000	0.600000
es	902.400000	0.600000
tombé	903.200000	0.600000
du	904.000000	0.600000
ciel!	904.800000	0.600000
-	905.600000	0.600000
oui,	906.400000	0.600000
fis-je	907.200000	0.600000
modestement.	908.000000	0.600000
-	908.800000	0.600000
ah!	909.600000	0.600000
ça	910.400000	0.600000
c'est	911.200000	0.600000
drôle!..."	912.000000	0.600000
et	912.800000	0.600000
le	913.600000	0.600000
petit	914.400000	0.600000
prince	915.200000	0.600000
eut	916.000000	0.600000
un	916.800000	0.600000
très	917.600000	0.600000
joli	918.400000	0.600000
éclat	919.200000	0.600000
de	920.000000	0.600000
rire	920.800000	0.600000
qui	921.600000	0.600000
m'irrita	922.400000	0.600000
beaucoup.	923.200000	0.600000
je	924.000000	0.600000
désire	924.800000	0.600000
que	925.600000	0.600000
l'on	926.400000	0.600000
prenne	927.200000	0.600000
mes	928.000000	0.600000
malheurs	928.800000	0.600000
au	929.600000	0.600000
sérieux.	930.400000	0.600000
puis	931.200000	0.600000
il	932.000000	0.600000
ajouta	932.800000	0.600000
:	933.600000	0.600000
"alors,	934.400000	0.600000
toi	935.200000	0.600000
aussi	936.000000	0.600000
tu	936.800000	0.600000
viens	937.600000	0.600000
du	938.400000	0.600000
ciel!	939.200000	0.600000
de	940.000000	0.600000
quelle	940.800000	0.600000
planète	941.600000	0.600000
es-tu?"	942.400000	0.600000
j'entrevis	943.200000	0.600000
aussitôt	944.000000	0.600000
une	944.800000	0.600000
lueur,	945.600000	0.600000
dans	946.400000	0.600000
le	947.200000	0.600000
mystère	948.000000	0.600000
de	948.800000	0.600000
sa	949.600000	0.600000
présence,	950.400000	0.600000
et	951.200000	0.600000
j'interrogeai	952.000000	0.600000
brusquement	952.800000	0.600000
:	953.600000	0.600000
"tu	954.400000	0.600000
viens	955.200000	0.600000
donc	956.000000	0.600000
d'une	956.800000	0.600000
autre	957.600000	0.600000
planète?"	958.400000	0.600000
mais	959.200000	0.600000
il	960.000000	0.600000
ne	960.800000	0.600000
me	961.600000	0.600000
répondit	962.400000	0.600000
pas.	963.200000	0.600000
il	964.000000	0.600000
hochait	964.800000	0.600000
la	965.600000	0.600000
tête	966.400000	0.600000
doucement	967.200000	0.600000
tout	968.000000	0.600000
en	968.800000	0.600000
regardant	969.600000	0.600000
mon	970.400000	0.600000
avion	971.200000	0.600000
:	972.000000	0.600000
"c'est	972.800000	0.600000
vrai	973.600000	0.600000
que,	974.400000	0.600000
là-dessus,	975.200000	0.600000
tu	976.000000	0.600000
ne	976.800000	0.600000
peux	977.600000	0.600000
pas	978.400000	0.600000
venir	979.200000	0.600000
de	980.000000	0.600000
bien	980.800000	0.600000
loin..."	981.600000	0.600000
et	982.400000	0.600000
il	983.200000	0.600000
s'enfonça	984.000000	0.600000
dans	984.800000	0.600000
une	985.600000	0.600000
rêverie	986.400000	0.600000
qui	987.200000	0.600000
dura	988.000000	0.600000
longtemps.	988.800000	0.600000
puis,	989.600000	0.600000
sortant	990.400000	0.600000
mon	991.200000	0.600000
mouton	992.000000	0.600000
de	992.800000	0.600000
sa	993.600000	0.600000
poche,	994.400000	0.600000
il	995.200000	0.600000
se	996.000000	0.600000
plongea	996.800000	0.600000
dans	997.600000	0.600000
la	998.400000	0.600000
contemplation	999.200000	0.600000
de	1000.000000	0.600000
son	1000.800000	0.600000
trésor.	1001.600000	0.600000
vous	1002.400000	0.600000
imaginez	1003.200000	0.600000
combien	1004.000000	0.600000
j'avais	1004.800000	0.600000
pu	1005.600000	0.600000
être	1006.400000	0.600000
intrigué	1007.200000	0.600000
par	1008.000000	0.600000
cette	1008.800000	0.600000
demi-confidence	1009.600000	0.600000
sur	1010.400000	0.600000
"les	1011.200000	0.600000
autres	1012.000000	0.600000
planètes".	1012.800000	0.600000
je	1013.600000	0.600000
m'efforçai	1014.400000	0.600000
donc	1015.200000	0.600000
d'en	1016.000000	0.600000
savoir	1016.800000	0.600000
plus	1017.600000	0.600000
long	1018.400000	0.600000
:	1019.200000	0.600000
"d'où	1020.000000	0.600000
viens-tu,	1020.800000	0.600000
mon	1021.600000	0.600000
petit	1022.400000	0.600000
bonhomme?	1023.200000	0.600000
où	1024.000000	0.600000
est-ce	1024.800000	0.600000
"chez	1025.600000	0.600000
toi"?	1026.400000	0.600000
où	1027.200000	0.600000
veux-tu	1028.000000	0.600000
emporter	1028.800000	0.600000
mon	1029.600000	0.600000
mouton?"	1030.400000	0.600000
il	1031.200000	0.600000
me	1032.000000	0.600000
répondit	1032.800000	0.600000
après	1033.600000	0.600000
un	1034.400000	0.600000
silence	1035.200000	0.600000
méditatif	1036.000000	0.600000
:	1036.800000	0.600000
"ce	1037.600000	0.600000
qui	1038.400000	0.600000
est	1039.200000	0.600000
bien,	1040.000000	0.600000
avec	1040.800000	0.600000
la	1041.600000	0.600000
caisse	1042.400000	0.600000
que	1043.200000	0.600000
tu	1044.000000	0.600000
m'as	1044.800000	0.600000
donnée,	1045.600000	0.600000
c'est	1046.400000	0.600000
que,	1047.200000	0.600000
la	1048.000000	0.600000
nuit,	1048.800000	0.600000
ça	1049.600000	0.600000
lui	1050.400000	0.600000
servira	1051.200000	0.600000
de	1052.000000	0.600000
maison.	1052.800000	0.600000
-	1053.600000	0.600000
bien	1054.400000	0.600000
sûr.	1055.200000	0.600000
et	1056.000000	0.600000
si	1056.800000	0.600000
tu	1057.600000	0.600000
es	1058.400000	0.600000
gentil,	1059.200000	0.600000
je	1060.000000	0.600000
te	1060.800000	0.600000
donnerai	1061.600000	0.600000
aussi	1062.400000	0.600000
une	1063.200000	0.600000
corde	1064.000000	0.600000
pour	1064.800000	0.600000
l'attacher	1065.600000	0.600000
pendant	1066.400000	0.600000
le	1067.200000	0.600000
jour.	1068.000000	0.600000
et	1068.800000	0.600000
un	1069.600000	0.600000
piquet."	1070.400000	0.600000
la	1071.200000	0.600000
proposition	1072.000000	0.600000
parut	1072.800000	0.600000
choquer	1073.600000	0.600000
le	1074.400000	0.600000
petit	1075.200000	0.600000
prince	1076.000000	0.600000
:	1076.800000	0.600000
"l'attacher?	1077.600000	0.600000
quelle	1078.400000	0.600000
drôle	1079.200000	0.600000
d'idée!	1080.000000	0.600000
-	1080.800000	0.600000
mais	1081.600000	0.600000
si	1082.400000	0.600000
tu	1083.200000	0.600000
ne	1084.000000	0.600000
l'attaches	1084.800000	0.600000
pas,	1085.600000	0.600000
il	1086.400000	0.600000
ira	1087.200000	0.600000
n'importe	1088.000000	0.600000
où,	1088.800000	0.600000
et	1089.600000	0.600000
il	1090.400000	0.600000
se	1091.200000	0.600000
perdra."	1092.000000	0.600000
et	1092.800000	0.600000
mon	1093.600000	0.600000
ami	1094.400000	0.600000
eut	1095.200000	0.600000
un	1096.000000	0.600000
nouvel	1096.800000	0.600000
éclat	1097.600000	0.600000
de	1098.400000	0.600000
rire	1099.200000	0.600000
:	1100.000000	0.600000
"mais	1100.800000	0.600000
où	1101.600000	0.600000
veux-tu	1102.400000	0.600000
qu'il	1103.200000	0.600000
aille!	1104.000000	0.600000
-	1104.800000	0.600000
n'importe	1105.600000	0.600000
où.	1106.400000	0.600000
droit	1107.200000	0.600000
devant	1108.000000	0.600000
lui..."	1108.800000	0.600000
alors	1109.600000	0.600000
le	1110.400000	0.600000
petit	1111.200000	0.600000
prince	1112.000000	0.600000
remarqua	1112.800000	0.600000
gravement	1113.600000	0.600000
:	1114.400000	0.600000
"ça	1115.200000	0.600000
ne	1116.000000	0.600000
fait	1116.800000	0.600000
rien,	1117.600000	0.600000
c'est	1118.400000	0.600000
tellement	1119.200000	0.600000
petit,	1120.000000	0.600000
chez	1120.800000	0.600000
moi!"	1121.600000	0.600000
et,	1122.400000	0.600000
avec	1123.200000	0.600000
un	1124.000000	0.600000
peu	1124.800000	0.600000
de	1125.600000	0.600000
mélancolie,	1126.400000	0.600000
peut-être,	1127.200000	0.600000
il	1128.000000	0.600000
ajouta	1128.800000	0.600000
:	1129.600000	0.600000
"droit	1130.400000	0.600000
devant	1131.200000	0.600000
soi	1132.000000	0.600000
on	1132.800000	0.600000
ne	1133.600000	0.600000
peut	1134.400000	0.600000
pas	1135.200000	0.600000
aller	1136.000000	0.600000
bien	1136.800000	0.600000
loin..."	1137.600000	0.600000
